Name,Address,Price,Died
Tamira,"1027 State St, Santa Barbara",< $10,2020-01
Due Lune Ristorante and Bar,"1 State St, Santa Barbara",,2020-01
Sup and Jus,7060 Hollister Ave. Goleta,,2020-01
Khao Kaeng,"1187 Coast Village Rd, Montecito",,2019-12
Bear and Star,"2860 Grand Ave, Los Olivos",,2019-12
Wake Cup,"901 Embarcadero del Mar, Isla Vista",,2019-11
Goodland Market and Kitchen,"231 S. Magnolia Ave, Goleta",,2019-11
Bar 29,"1134 Chapala St, Santa Barbara",,2019-10
Yume Sushi,"428 Chapala St, Santa Barbara",$10 - $20,2019-10
Ca Dario Pizzeria,"29 E. Victoria St, Santa Barbara",$10 - $20,2019-10
Soul Cal Smokehouse,38 West Victoria St. Santa Barbara,,2019-10
The Monarch,"1295 Coast Village Rd, Santa Barbara",,2019-10
Pizza Guru,"3534 State St, Santa Barbara",$10 - $20,2019-10
Stone Age Restaurant,"415 N. Milpas St, Santa Barbara",,2019-10
Sal's Pizza,"900 N. Milpas St, Santa Barbara",< $10,2019-09
Vicenta’s,"6920 Marketplace Dr, Goleta",,2019-09
The Honey B @ Antioch,"602 Anacapa St, Santa Barbara",,2019-09
High Sierra Grill & Bar,"521 Firestone Rd, Goleta",,2019-08
Hoffmann Brat Haus,"801 State St, Santa Barbara",< $10,2019-08
Alito’s,"509 State St, Santa Barbara",,2019-08
Ming Dynasty,"290 Storke Rd, Goleta",$10 - $20,2019-08
Gimeal Café,"5892 Hollister Ave, Goleta",,2019-08
The Little Door,"129 E. Anapamu St, Santa Barbara",,2019-07
Giovanni's - Mesa,"1905 Cliff Dr, Santa Barbara",$10 - $20,2019-07
Sweet Alley,"955 Embarcadero del Mar, Isla Vista",,2019-06
Coffee Bean - Montecito,"1209 Coast Village Rd, Santa Barbara",,2019-05
Goa Taco,"718 State St, Santa Barbara",,2019-05
Senor Frogs,"892 Linden Ave, Carpinteria",< $10,2019-05
Ca’Dario Pasta Veloce,"38 W. Victoria St, Santa Barbara",,2019-05
Smithy,"7 E. Anapamu St., Santa Barbara",,2019-05
Red Pepper Restaurant,"282 Orange Ave, Goleta",< $10,2019-04
Ike's Love & sandwiches,"6530 Seville Rd, Isla Vista",,2019-04
Jersey Mike's Subs - downtown,"1213 State St, Santa Barbara",,2019-04
Green Star Coffee,"38 W. Victoria St, Santa Barbara",,2019-03
La Bella Rosa Bakery - Goleta,"7127 Hollister Ave.#18, Goleta",,2019-03
Kahuna Grill - Goleta,"7010 Camino Real Marketplace, Goleta",< $10,2019-02
Rodney's Grill at the Hilton,"633 E. Cabrillo Blvd, Santa Barbara",$20+,2019-01
Giovanni's - Montecito,"1187 Coast Village Rd, Montecito",$10 - $20,2019-01
Your Cake Baker by Wayne Kjar,"2018 Cliff Dr, Santa Barbara",,2018-12
Spoon,"1222 State St, Santa Barbara",,2018-12
Hanamura,"901 Embarcadero del Mar, Isla Vista",,2018-12
One Piece,"6555 Pardall Rd, Isla Vista",,2018-12
Pacific Crepes,"705 Anacapa St, Santa Barbara",$10 - $20,2018-12
Big Eye Raw Bar,"38 W. Victoria St, Santa Barbara",,2018-12
Sunny Korean Restaurant,"532 State St, Santa Barbara",,2018-11
Wildwood Kitchen,"412 East Haley St, Santa Barbara",,2018-11
Santa Barbara Brewing Company,"501 State St, Santa Barbara",$10 - $20,2018-10
Pizza Mizza,"140 S. Hope Ave, Santa Barbara",$10 - $20,2018-10
Burger Barn,"3621 Sagunto St, Santa Ynez",< $10,2018-10
Basil's,"608 Anacapa St, Santa Barbara",,2018-10
Mundos,"901 N. Milpas St, Santa Barbara",,2018-09
Vons Bakery - Lacumbre Plaza,"3855 State St, Santa Barbara",,2018-09
Vons - Lacumbre Plaza,"3855 State St, Santa Barbara",,2018-09
El Pollo Rico,"5698 Hollister Ave, Goleta",< $10,2018-09
Good Cup - Mesa,"1819 Cliff Dr, Santa Barbara",,2018-09
Sly's,"686 Linden Ave, Carpinteria",$20+,2018-09
Urkeb,"413 State St, Santa Barbara",,2018-09
Pinkberry,"742 State St, Santa Barbara",,2018-09
Flagstone Pantry,"38 W. Victoria St, Santa Barbara",,2018-08
Frankland’s Crab & Co.,"1295 Coast Village Rd, Santa Barbara",,2018-08
Locavore Kitchen,"21 West Victoria St, Santa Barbara",,2018-08
Paesano's Pizzeria,"1429 San Andres St, Santa Barbara",$10 - $20,2018-08
Trattoria Mollie,"1250 Coast Village Rd, Montecito",$20+,2018-08
Miso Hungry,"134 E Canon Perdido St, Santa Barbara,",,2018-08
HiWi Tropical Fusion,"6555 Pardall Rd, Isla Vista",,2018-08
El Pollo Loco - Goleta,"5796 Calle Real, Goleta",< $10,2018-08
Taco Tuyo,"724 E. Haley St, Santa barbara",,2018-07
Grilled Cheese Truck,"956 Embarcadero Del Norte, Isla Vista",,2018-06
Rincon Brewery - Isla Vista,"6583 Pardall Rd, Isla Vista",,2018-06
Nicky D’s Wood-Fired Pizza,"2840 De La Vina St, Santa Barbara",$10 - $20,2018-06
Cadiz,"509 State St, Santa Barbara",$20+,2018-06
Worker Bee Café - Goleta,"5599 Hollister Ave, Goleta",,2018-06
Subway - Mission & State,"1936 State St, Santa Barbara",,2018-05
Chipotle - Downtown,"723 State St, Santa Barbara",< $10,2018-05
Sorriso Italiano,"901 Embarcadero del Mar, Isla Vista",,2018-05
Mattei’s Tavern,"2350 Railway Ave, Los Olivos",$20+,2018-05
Empress Palace,"2251 Las Positas Rd, Santa Barbara",$10 - $20,2018-05
Wildwood Museum Café,"1130 State St, Santa Barbara",,2018-05
Peet's Coffee - 1131 State St,"1131 State St, Santa Barbara",,2018-05
La Arcada Bistro,"1112 State St, Santa Barbara",$10 - $20,2018-03
Max's,"3514 State St, Santa Barbara",,2018-03
Nugget - Santa Barbara,"21 W. Victoria St, Santa Barbara",,2018-03
Vineyard House Restaurant,"3631 Sagunto St, Santa Ynez",$10 - $20,2018-03
Fire & Ice Museum Cafe,"1130 State St, Santa Barbara",,2018-01
805 Kabob,"6578 Trigo Rd, Isla Vista",,2018-01
Pascucci - Goleta,"6920 Marketplace Dr, Goleta",,2018-01
Nectar,"20 E. Cota St, Santa Barbara",,2018-01
XO,"5599 Hollister Ave, Goleta",,2018-01
East Beach Grill,"1118 E. Cabrillo Blvd, Santa Barbara",< $10,2018-01
Our Daily Bread,"2700 De La Vina St, Santa Barbara",< $10,2018-01
Yen Ching Restaurant,"2840 De La Vina St, Santa Barbara",$10 - $20,2018-01
Kaptain's Firehouse BBQ,"6545 Pardall Road, Isla Vista",< $10,2017-12
Dickey’s Barbecue Pit,"7060 Hollister Ave, Goleta",,2017-12
Nugget - Carpinteria,"5096 Carpinteria Ave, Carpinteria",,2017-11
Cantwell's Summerland Market,"2580 Lillie Ave, Summerland",< $10,2017-11
Outback Steakhouse,"5690 Calle Real, Goleta",$10 - $20,2017-11
Eladio's,"1 State St, Santa Barbara",$10 - $20,2017-11
Tupelo Junction Cafe,"1218 State St, Santa Barbara",$10 - $20,2017-11
Taqueria La Colmena,"217 N. Milpas St, Santa Barbara",< $10,2017-10
Somerset,"7 E.Anapamu St, Santa Barbara",$20+,2017-10
Miso Hungry,"3613 State St, Santa Barbara",< $10,2017-10
Oveja Blanca Restaurante,"30 E. Ortega St, Santa Barbara",,2017-09
Barbarians Pizza,"511 State St, Santa Barbara",,2017-08
Papa Johns Pizza,"5756 Calle Real, Goleta",$10 - $20,2017-08
Downey's,"1305 State St, Santa Barbara",$20+,2017-08
The Cantina,"966 Embarcadero Del Mar, Isla Vista",< $10,2017-08
Giovanni's - Isla Vista,"6583 Pardall Rd, Isla Vista",$10 - $20,2017-07
Rebar Coffee,"214 State St, Santa Barbara",,2017-07
Sage & Onion Cafe,"5599 Hollister Ave, Goleta",$10 - $20,2017-07
Burger Bus,Mobile - see web site for locations,< $10,2017-06
Rusty's Pizza - Turnpike,"149 S. Turnpike Rd, Goleta",$10 - $20,2017-06
The Mex Authentic,"413 State St, Santa Barbara",,2017-05
Zizzo’s Coffeehouse & Brew Pub,"7060 Hollister Ave, Goleta",,2017-05
Stacky's Seaside,"2315 Lillie Ave, Summerland",< $10,2017-05
Silvergreens - Downtown,"791 Chapala St, Santa Barbara",< $10,2017-04
Bucatini,"436 State St, Santa Barbara",$10 - $20,2017-04
Mama's Bakery,"5342 Hollister Ave, Goleta",< $10,2017-04
Blush Restaurant and Lounge,"630 State St, Santa Barbara",$20+,2017-04
I'a Fish Market and Café,"38 W. Victoria St, Santa Barbara",,2017-03
18 East,"18 E. Cota St, Santa Barbara",,2017-03
Kol's Cafe,"6533 Trigo Rd, Isla Vista",,2017-03
Santa Ynez Burrito - Isla Vista,"956 Embarcadero Del Norte, Isla Vista",,2017-03
American Ale 02,"214 State St, Santa Barbara",,2017-02
Terraza Café,"3007 De la Vina St, Santa Barbara",,2017-02
Paloma Restaurant and Tequila Bar,"5764 Calle Real, Goleta",,2017-01
Caffe Primo,"516 State St, Santa Barbara",,2017-01
Aldo's Italian Restaurant,"1031 State St, Santa Barbara",$10 - $20,2017-01
American Ale,"14 East Cota St, Santa Barbara",$10 - $20,2017-01
Petros - Los Olivos,"2860 Grand Ave, Los Olivos",$10 - $20,2017-01
OTaco,"6530 Pardall Rd, Isla Vista",,2017-01
Merci To Go,"1024 Coast Village Rd, Montecito",,2017-01
Hungry Cat,"1134 Chapala St, Santa Barbara",$10 - $20,2016-12
Ralphs Bakery - De La Vina,"2840 De La Vina St, Santa Barbara",,2016-11
Ralphs - De La Vina,"2840 De La Vina St, Santa Barbara",< $10,2016-11
Ahi Sushi,"3631 State St, Santa Barbara",$10 - $20,2016-11
Julienne,"138 E. Canon Perdido St, Santa Barbara",$20+,2016-11
Globe,"18 E. Cota St, Santa Barbara",,2016-11
Mac's Fish & Chip Shop,"503 State St, Santa Barbara",< $10,2016-11
Gandolfo’s New York Delicatessen,"718 State St, Santa Barbara",< $10,2016-10
Montecito Cafe,"1295 Coast Village Rd, Montecito",$10 - $20,2016-10
Georgia’s Smokehouse,Mobile - see web site for locations,< $10,2016-09
Relais de Paris,"734 State St, Santa Barbara",,2016-09
Alchemy Spa and Cafe,"430 Chapala St, Santa Barbara",$10 - $20,2016-09
Petrini's - Goleta,"5711 Calle Real, Goleta",$10 - $20,2016-08
Coffee Cat,"1201 Anacapa, Santa Barbara",,2016-08
India House,"418 State St, Santa Barbara",$10 - $20,2016-08
India Club,"5701 Calle Real, Goleta",$10 - $20,2016-07
Cielito,"1114 State St, Santa Barbara",$10 - $20,2016-07
Yankee Noodle,"214 State St, Santa Barbara",,2016-07
Le Petit Bistrot,"532 State St, Santa Barbara",$20+,2016-06
Sam's To U,"5979 Hollister Ave, Goleta",< $10,2016-06
Subway - 3613 State,"3613 State St, Santa Barbara",< $10,2016-05
Cafe Int'L - Goleta,"5664 Calle Real, Goleta",< $10,2016-05
Taqueria El Pastorcito,"2009 De la Vina St, Santa Barbara",,2016-04
Seagrass,"30 E. Ortega St, Santa Barbara",$20+,2016-04
Jimmy John's,"909 Embarcadero del Mar, Isla Vista",,2016-04
Mexican Fresh Taqueria,"315 Meigs Rd, Santa Barbara",< $10,2016-03
Book Ends Cafe,"602 Anacapa St, Santa Barbara",< $10,2016-03
Boondocks,"4444 Hollister Ave, Santa Barbara",,2016-02
Little Caesars - Kmart,"6865 Hollister Ave, Goleta",< $10,2016-02
Tamales-To-Go,"20 East Cota St (in the back), Santa Barbara",,2016-02
416 State,"416 State St, Santa Barbara",,2016-01
Union Ale Brewing Co.,"214 State St, Santa Barbara",$10 - $20,2016-01
Carl's Jr - Upper State,"3925 State St, Santa Barbara",< $10,2016-01
Rusty's Pizza - Fairview,"6025 Calle Real, Goleta",$10 - $20,2016-01
Cielo Bar and Grill,"5096 Carpinteria Ave, Carpinteria",,2016-01
Nuance,"119 State St, Santa Barbara",$20+,2016-01
The Fig Grill,"5940 Calle Real, Goleta",,2016-01
Tacos El Rey,"5 W. Haley St, Santa Barbara",< $10,2016-01
The Bourbon Room,"4444 Hollister Ave, Goleta",,2016-01
Lovin Oven Mediterranean Bakery & Cafe,"6578 Trigo Rd, Isla Vista",,2015-12
Mama Lu,"415 N. Milpas St, Santa Barbara",< $10,2015-12
Marmalade Cafe,"3825 State St, Santa Barbara",$10 - $20,2015-12
Taco Bell - Upper State,"3771 State St, Santa Barbara",< $10,2015-12
Paradise Store & Grill,"1 Paradise Rd, Santa Barbara",< $10,2015-12
El Torito,"29 E. Cabrillo Blvd, Santa Barbara",$10 - $20,2015-11
Kogilicious,"956 Embarcadero Del Norte, Isla Vista",< $10,2015-11
Boochies,"113 W. De la Guerra St, Santa Barbara",,2015-11
Freeman's Flying Chicken,"3400 Calle Real (Earl Warren), gate C",,2015-11
Beach Bowls,"901 Linden Ave, Carpinteria",,2015-11
Haggen - Upper State,"3943 State St, Santa Barbara",,2015-11
Haggen - Mesa,"2010 Cliff Dr, Santa Barbara",,2015-11
Haggen - Carpinteria,"850 Linden Ave, Carpinteria",,2015-11
Haggen - Turnpike,"163 S. Turnpike Rd, Goleta",,2015-11
Haggen - Fairview,"165 N. Fairview Ave, Goleta",,2015-11
Crazy Good Bread,"4191 Carpinteria Ave, Carpinteria",,2015-10
iGrill Korean BBQ,"3132 State St, Santa Barbara",,2015-10
Blue Agave,"20 E. Cota St, Santa Barbara",$10 - $20,2015-10
Palazzio,"1026 State St, Santa Barbara",$10 - $20,2015-10
Fresh & Easy Market - Milpas,"336 N Milpas St, Santa Barbara",,2015-10
Muddy Waters Coffee House,"508 E. Haley St, Santa Barbara",,2015-09
Wings Restaurant,"4427 Hollister Ave, Santa Barbara",< $10,2015-09
Sojourner Cafe,"134 E. Canon Perdido St, Santa Barbara",$10 - $20,2015-09
Las Brasas Mexican Grill,"5915B Calle Real, Goleta",,2015-09
Arch Rock Fish,"608 Anacapa St, Santa Barbara",$20+,2015-09
Crazy Good Bread Co.,"38 W. Victoria St, Santa Barbara",,2015-09
Crushcakes & Cafe - Isla Vista,"6533 Trigo Rd, Isla Vista",,2015-08
Simply Pies,"5392 Hollister Ave, Goleta",< $10,2015-08
Sublime,"901 N. Milpas St, Santa Barbara",$10 - $20,2015-08
Crushcakes & Cafe - Montecito,"1150 Coast Village Rd, Montecito",,2015-08
Taqueria Buen Gusto,"4835 Carpinteria Ave, Carpinteria",< $10,2015-07
Barbecue Company,"3807 Santa Claus Ln, Carpinteria",$10 - $20,2015-07
Boca De Rio,"318 N. Milpas St, Santa Barbara",< $10,2015-07
Panera Bread - Downtown,"700 State St, Santa Barbara",< $10,2015-07
Fresco Cafe North,"5940 Calle Real, Goleta",$10 - $20,2015-07
Cajun Kitchen - Carpinteria,"865 Linden Ave, Carpinteria",< $10,2015-06
Tony's,"699 Linden Ave, Carpinteria",< $10,2015-06
Pasta Shoppe,"38 W. Victoria St, Santa Barbara",,2015-06
Vons Bakery - Turnpike,"163 S. Turnpike Rd, Goleta",,2015-06
Vons Bakery - Carpinteria,"850 Linden Ave, Carpinteria",,2015-06
Vons - Carpinteria,"850 Linden Ave, Carpinteria",,2015-06
Albertsons Bakery - Upper State,"3943 State St, Santa Barbara",,2015-06
Albertsons - Upper State,"3943 State St, Santa Barbara",< $10,2015-06
Albertsons - Mesa,"2010 Cliff Dr, Santa Barbara",< $10,2015-06
Juice Well,"38 W. Victoria St, Santa Barbara",,2015-06
Santa Monica Seafood,"38 W. Victoria St, Santa Barbara",,2015-06
Arlington Tavern,21 W. Victoria St,$20+,2015-05
Nardonnes La Famiglia Pizzeria,"17 W. Ortega St, Santa Barbara",$10 - $20,2015-05
Roll a Lot,"7127 Hollister Ave, Goleta",< $10,2015-05
Yo a Lot,"7127 Hollister Ave, Goleta",,2015-05
Killer B BBQ and Bar,"718 State St, Santa Barbara",$10 - $20,2015-05
Esau's Cafe - Downtown,"721 Chapala St, Santa Barbara",$10 - $20,2015-05
Arts and Letters Cafe,"7 E. Anapamu St, Santa Barbara",$10 - $20,2015-04
Vons Bakery - Fairview,"165 N. Fairview Ave, Goleta",,2015-04
Vons - Fairview,"165 N. Fairview Ave, Goleta",,2015-04
Beachbreak Cafe,"324 State St, Santa Barbara",< $10,2015-03
Hennings Cake Boutique,"28 W. Figueroa St, Santa Barbara",,2015-03
Denny's - Goleta,"5677 Calle Real, Goleta",< $10,2015-03
Steve's Patio Cafe,"3007 De la Vina St, Santa Barbara",< $10,2015-03
Fresh Market,"222 N. Milpas St, Santa Barbara",,2015-03
Los Tarascos - Goleta,"5915B Calle Real, Goleta",< $10,2015-03
Los Aves Cafe,"2220 Bath St, Santa Barbara",,2015-02
Las Aves Cafe,"2220 Bath St, Santa Barbara",$10 - $20,2015-02
Cafe Luna,"2354 Lillie Ave, Summerland",< $10,2015-02
Cabo's Baja Grill & Cantina,"5096 Carpinteria Ave, Carpinteria",< $10,2015-01
Xanadu French Bakery,"1028 Coast Village Rd, Montecito",,2015-01
Gina's Pizza,"7038 Marktplace Dr, Goleta",$10 - $20,2015-01
Domino's - UCSB UCen,At the UCen on the UCSB Campus,< $10,2015-01
El Rincon Bohemio - Goleta,"298 Pine Ave, Goleta",,2015-01
Coffee Bean - Airport Downstairs,"500 Fowler Rd, Santa Barbara",,2014-12
Bay Roadhouse Bar & Grill,"202 State St, Santa Barbara",$10 - $20,2014-12
Miro at the Bacara Resort,"8301 Hollister Ave, Goleta",$20+,2014-12
Deli Express,"7398 Calle Real, Goleta.",,2014-12
Blue Tavern,"119 State St, Santa Barbara",,2014-12
Killer Shrimp,"416 State St, Santa Barbara",$10 - $20,2014-12
Pita Pit,"971 Embarcadero Del Mar, Isla Vista",< $10,2014-12
Pace,"413 State St, Santa Barbara",,2014-11
Firehouse Subs,"6530 Seville Rd, Isla Vista",< $10,2014-11
Tri Tip Company,"214 State St, Santa Barbara",,2014-11
Angry Wings,"6530 Pardall Rd, Isla Vista",< $10,2014-11
Kahuna Grill - Paseo Nuevo,"12 De La Guerra Pl, Santa Barbara",< $10,2014-11
Adama,"428 Chapala St, Santa Barbara",$10 - $20,2014-11
Norton's Pastrami and Deli - Milpas,"226 S. Milpas St, Santa Barbara",,2014-11
Hot Spots,"36 State St, Santa Barbara",,2014-10
Pierre Lafond Wine Bistro,"516 State St, Santa Barbara",< $10,2014-10
Quizno's - University Plaza,"7127 Hollister Ave, Goleta",< $10,2014-10
New Baja Grill,"7024 Camino Real Marketplace, Goleta",< $10,2014-09
Cafe Del Sol,"30 Los Patos Wy, Montecito",$10 - $20,2014-09
Harolds Caribbean Kitchen,"731 De la Guerra Plaza, Santa Barbara",,2014-06
All India Cafe,"431 State St, Santa Barbara",$10 - $20,2014-06
Montecito Confections,"1150 Coast Village Rd, Montecito",,2014-06
Holdren's Grill,"6920 Marketplace Dr, Goleta",$10 - $20,2014-05
Mad Dogs,"505 State St, Santa Barbara",< $10,2014-04
D'Vine Cafe,"205 W. Canon Perdido, Santa Barbara",< $10,2014-04
Smoke N Barrel BBQ Shack,"6920 Marketplace Drive, Goleta",< $10,2014-04
Magic Pita Cafe,"5 W. Haley St, Santa Barbara",< $10,2014-04
Betos Subs,"731 De La Guerra Plaza, Santa Barbara",,2014-03
Bangkok Palace,"2829 De La Vina St, Santa Barbara",< $10,2014-03
The French Table,"129 E. Anapamu St, Santa Barbara",$10 - $20,2014-03
Italian Grocery,"415 E. De la Guerra St, Santa Barbara",< $10,2014-03
Brummis - The German Taste,"3130 State St, Santa Barbara",$10 - $20,2014-03
Sunnyside Market & Deli,436 E. Gutierrez St,< $10,2014-03
YoYumYum - Goleta,"5915A Calle Real, Goleta",,2014-01
The Pan,"18 E. Cota St, Santa Barbara",$10 - $20,2014-01
Rusty's Pizza - Cabrillo,"15 E. Cabrillo Blvd, Santa Barbara",$10 - $20,2014-01
Museum Cafe,"1130 State St, Santa Barbara",$10 - $20,2014-01
Wahoo's Fish Taco,"511 State St, Santa Barbara",< $10,2014-01
Verde,"532 State St, Santa Barbara",,2013-12
Culture Shock,Mobile - see web site for locations,< $10,2013-12
Altamirano's - Milpas,"422 N. Milpas St, Santa Barbara",< $10,2013-11
Las Palmeras,"432 E. Haley St, Santa Barbara",< $10,2013-11
Rudy's - Calle Real,"5764 Calle Real, Goleta",< $10,2013-11
Takenoya,"5934 Calle Real, Goleta",$10 - $20,2013-10
Good Karma Market & Deli,"207 W. Anapamu St, Santa Barbara",< $10,2013-10
Javan's,"938 Embarcadero Del Norte, Isla Vista",< $10,2013-10
Cafe Int'L - Isla Vista,"6578 Trigo Rd, Isla Vista",< $10,2013-10
Maggies,"1201 State St, Santa Barbara",$20+,2013-10
Spice Avenue,"1027 State St, Santa Barbara",< $10,2013-09
Pacific Coast Cafe,"6440 Via Real, Carpinteria",< $10,2013-09
Anchor Woodfire Kitchen,"119 State St, Santa Barbara",,2013-09
Ben & Jerry's Ice Cream,"305 Paseo Nuevo, Santa Barbara",,2013-09
Greek House Cafe,"5 W. Haley St, Santa Barbara",< $10,2013-09
Italia Pizza & Pasta,"149 N. Fairview Ave, Goleta",$10 - $20,2013-09
Quizno's - State St,"1213 State St, Santa Barbara",< $10,2013-09
Sakura Express,"819C State St, Santa Barbara",< $10,2013-09
Hidden Dolphin Cafe,"217 Anacapa St, Santa Barbara",< $10,2013-08
Pastavino,"6920 Marketplace Dr, Goleta",$10 - $20,2013-08
Elephant Bar & Restaurant,"521 Firestone Rd, Goleta",$10 - $20,2013-08
Mediterra Cafe & Market,"5575 Hollister Ave, Goleta",< $10,2013-07
Cinco Estrellas,"316 N. Milpas St (in the back), Santa Barbara",< $10,2013-07
Maria's Bakery,"4912 Carpinteria Ave, Carpinteria",< $10,2013-06
New China,"5764 Hollister Ave, Goleta",< $10,2013-06
Pasta House,"6546 Pardall Rd, Isla Vista",< $10,2013-04
Coast Restaurant & Bar,"31 W. Carrillo St, Santa Barbara",$10 - $20,2013-04
La Carreta Mexican Seafood,"290 Storke Rd, Goleta",< $10,2013-02
Meat n' Potatoes,"4444 Hollister Ave, Goleta",$10 - $20,2013-01
Road Dogs,Mobile - see web site for locations,< $10,2013-01
The New Black BBQ,Mobile - see web site for locations,< $10,2013-01
O Street Truck,Mobile - see web site for locations,< $10,2013-01
Los Gallos,"2009 De La Vina St, Santa Barbara",< $10,2013-01
Wurst,"20 E. Cota St, Santa Barbara",< $10,2012-12
Open Cup,"728 State St, Santa Barbara",,2012-12
Little Cantina,"14 E. Cota St, Santa Barbara",,2012-12
Sizzler Restaurant,"5555 Hollister Ave, Goleta",$10 - $20,2012-12
Whodelicious,"811 State St, Santa Barbara",,2012-12
Mimosa,"714 State St, Santa Barbara",,2012-10
EpicBowl,"819 State St, Santa Barbara",< $10,2012-10
El Taco Tequila Taqueria,"14 E. Cota St, Santa Barbara",< $10,2012-10
Itsuki Restaurant,"4020 Calle Real, Santa Barbara",$10 - $20,2012-10
East,"1208 State St, Santa Barbara",$10 - $20,2012-10
Cafe Blu,"506 State St, Santa Barbara",< $10,2012-10
McMasters Steak and Hoagie,"910 Embarcadero Del Norte, Isla Vista",< $10,2012-09
Jack's Bistro & Bagels - Upper State,"3891 State St, Santa Barbara",< $10,2012-09
Cafe Zoma,"918 State St, Santa Barbara",,2012-09
Whale Tail Deli,"1114 State St, Santa Barbara",< $10,2012-09
Kingston’s Candy Company,"3415 State St, Santa Barbara",,2012-09
Chocolate Opulence,"819-A State St, Santa Barbara",,2012-09
Snack Shack,"801 State St, Santa Barbara",< $10,2012-09
Le Crepe Shoppe,"15 W. Gutierrez St, Santa Barbara",,2012-08
Taqueria el Refugio,"730 N. Milpas St, Santa Barbara",< $10,2012-08
Jitters Coffee,"728 State St, Santa Barbara",,2012-07
Dogtown,"888 Embarcadero del Norte, Isla Vista",< $10,2012-07
Burger King,"3707 State St, Santa Barbara",< $10,2012-07
The Blue Owl at Zen Yai,"425 State St, Santa Barbara",< $10,2012-07
Fat Mo's Burgers & Car Wash,"6558 Pardall Rd, Isla Vista",< $10,2012-06
Scolari's,"222 N. Milpas St, Santa Barbara",,2012-06
Taco Bell - De La Vina,"2912 De La Vina St, Santa Barbara",< $10,2012-05
Baja Fresh - Goleta,"7127 Hollister Ave, Goleta",< $10,2012-05
South Pacific Coffee,"7398 Calle Real, Goleta",,2012-05
Red Barn Steak House,"3539 Sagunto St, Santa Ynez",$10 - $20,2012-05
Presto Pasta - Montecito St,"827 E. Montecito St, Santa Barbara",< $10,2012-05
Peabodys,"1198 Coast Village Rd, Santa Barbara",< $10,2012-05
Chino's Rock & Tacos,"6530 Pardall Rd, Isla Vista",< $10,2012-05
Lickety Splits,Mobile - see web site for locations,< $10,2012-04
Emilio's,"324 W. Cabrillo Blvd, Santa Barbara",$20+,2012-04
Ultimate Bagels,"1226 State St, Santa Barbara",< $10,2012-04
Bitterman's Deli,"5 W. Canon Perdido St, Santa Barbara",< $10,2012-04
Cafe Shell,"1112 State St, Santa Barbara",$10 - $20,2012-03
Brothers Restaurant,"2350 Railway Ave, Los Olivos",$20+,2012-03
Jungle George Grill,"5722 Calle Real, Goleta",< $10,2012-03
Elements Restaurant & Bar,"129 E. Anapamu St, Santa Barbara",$20+,2012-02
Madison's Grill & Tavern,"525 State St, Santa Barbara",$10 - $20,2012-02
TonyRay's Restaurant & Cantina,"731 De la Guerra Plaza, Santa Barbara",$10 - $20,2012-01
Spiritland Bistro,"230 E. Victoria St, Santa Barbara",$10 - $20,2012-01
Saigon - Milpas,"318 N. Milpas St, Santa Barbara",< $10,2012-01
Rudy's - Lower State,"811 State St, Santa Barbara",< $10,2012-01
Farmers Market - Saturday (Harding School),"1625 Robbins St, Santa Barbara",,2012-01
Kobachi Izakaya Dining,"4141 State St, Santa Barbara",$10 - $20,2012-01
Whodidily,"1150 Coast Village Rd, Montecito",,2011-12
Momma Donna’s,"413 State St, Santa Barbara",,2011-12
Cafe Zoma,"7127 Hollister Ave, Goleta",,2011-12
Baja Fresh - Upper State,"3851 State St, Santa Barbara",< $10,2011-12
Jade,"3132 State St, Santa Barbara",$10 - $20,2011-11
Sweet Alley,"7034 Marketplace Dr, Goleta",,2011-11
Thai on a Truck,Mobile - see web site for locations,< $10,2011-11
Deli Planet,"5599 Hollister Ave, Goleta",< $10,2011-11
Mimosa - De la Vina,"2700 De La Vina St, Santa Barbara",$20+,2011-10
Minnow Cafe,"9 Breakwater, Santa Barbara",< $10,2011-10
Piatti,"516 San Ysidro Rd, Montecito",$10 - $20,2011-10
Woody's Roundup Bar & Grill at Earl Warren Showgrounds,"3400 Calle Real, Santa Barbara",$10 - $20,2011-10
Cafe Luck,"18 E. Cota St, Santa Barbara",,2011-09
Gaucho Cafe,At the UCen on the UCSB Campus,< $10,2011-08
Chilitos,At the UCen on the UCSB Campus,< $10,2011-08
Chilitos - Cart,"Davidson Library Plaza, UCSB Campus",< $10,2011-08
Wendy's,At the UCen on the UCSB Campus,< $10,2011-08
Jeannine's Bakery - Inside Gelsons,"3305 State St, Santa Barbara",,2011-08
Overlook Cafe,"Santa Barbara Airport, Goleta",$10 - $20,2011-08
Flaming Grill,"6558 Pardall Rd, Isla Vista",< $10,2011-08
Rudy's - Calle Real,"5680 Calle Real, Goleta",< $10,2011-07
Mika,"7020 Camino Real Marketplace, Goleta",< $10,2011-07
Little Asia,"6527 Madrid Rd, Isla Vista",< $10,2011-06
HobNob Tavern,"21 W. Victoria St, Santa Barbara",$10 - $20,2011-06
Sweet Tooth,"6549 Pardall Rd, Isla Vista",< $10,2011-06
Ruth's Chris Steak House,"3815 State St, Santa Barbara",$20+,2011-06
Arturo's Taqueria,"226 S. Milpas St, Santa Barbara",< $10,2011-06
Pizza by the Slice,"4 W. De La Guerra St, Santa Barbara",< $10,2011-06
European Deli,"149 N. Fairview Ave, Goleta",< $10,2011-05
Seattle's Best - Borders in Goleta,"7000 Camino Real Marketplace, Goleta",,2011-05
Timbers,"10 Winchester Canyon Rd, Goleta",< $10,2011-05
Tepeyac Taquitos,"201 W Carrillo St, Santa Barbara",< $10,2011-05
Square One,"14 E. Cota St, Santa Barbara",$10 - $20,2011-04
State & A Bar and Grill,"1201 State St, Santa Barbara",< $10,2011-04
Juan & Jeffe's,"402 N. Milpas, Santa Barbara",,2011-04
Whodidily,"811 State St, Santa Barbara",,2011-04
Cafe Buenos Aires,"1316 State St, Santa Barbara",$10 - $20,2011-03
Zia Cafe,"532 State St, Santa Barbara",$10 - $20,2011-03
The Taj Cafe,"905 State St, Santa Barbara",$10 - $20,2011-02
Billies,"413 State St, Santa Barbara",< $10,2011-02
Rileys Coffee,"1106 Chapala St, Santa Barbara",,2011-02
Live Culture,"11 W. De la Guerra St, Santa Barbara",,2011-02
Ocean Meadows Golf Course Grill,"6925 Whittier Dr, Goleta",< $10,2011-01
Patrick's Side Street Cafe,"2375 Alamo Pintado, Los Olivos",$10 - $20,2011-01
Seattle's Best - Borders on State St,"900 State St, Santa Barbara",,2011-01
Cliff's & Co.,"1919 Cliff Dr, Santa Barbara",< $10,2011-01
Roasted Bean Coffee House,"3558 Sagunto St, Santa Ynez",< $10,2011-01
Carvel,"147 N. Fairview Ave, Goleta",,2011-01
Chino's Rock & Tacos,"714 State St, Santa Barbara",< $10,2010-12
Subway - 119 State,"119 State St, Santa Barbara",< $10,2010-12
Starbucks - Barnes & Noble,"829 State St, Santa Barbara",,2010-12
Miss Saigon Grill and Lounge,"424 State St, Santa Barbara",$10 - $20,2010-12
Kozmo's,"718 State St, Santa Barbara",< $10,2010-11
Dirty's,"6521 Pardall Rd, Isla Vista",< $10,2010-11
Pick Up Stix,"5701 Calle Real, Goleta",< $10,2010-11
Laguna Store & Deli,"512 Laguna St, Santa Barbara",< $10,2010-11
Bella Dolce Bakery,"113 W. De la Guerra St, Santa Barbara",,2010-10
Luigi's Pizza & Pasta,"5711 Calle Real, Goleta",< $10,2010-10
Chamomile Cafe,"915 Linden Ave, Carpinteria",$10 - $20,2010-09
Lam's Vietnamese BBQ and Sandwiches,"424 State St, Santa Barbara",$10 - $20,2010-09
China Express,"414 N. Milpas St, Santa Barbara",< $10,2010-09
On The Side,"6521 Pardall Rd, Isla Vista",< $10,2010-09
Korean BBQ House,"956 Embarcadero Del Norte, Isla Vista",< $10,2010-08
Sushilicious,"956 Embarcadero Del Norte, Isla Vista",< $10,2010-08
The Cheese Shop,"811 State St, Santa Barbara",,2010-08
Las Conchas,"432 E. Haley St, Santa Barbara",< $10,2010-08
Cantwell's Cafe & Deli,"24 W. Figueroa St, Santa Barbara",,2010-08
Pizza Hut,"2840 De La Vina St, Santa Barbara",$10 - $20,2010-07
Java Jones - Isla Vista,"6560 Pardall Rd, Isla Vista",,2010-07
California Pasta,"3979 State St, Santa Barbara",$10 - $20,2010-06
La Gloria Taqueria,"336 N. Milpas St, Santa Barbara",< $10,2010-06
Bay Cafe,"131 Anacapa St, Santa Barbara",$10 - $20,2010-05
China City Restaurant,"5688 Calle Real, Goleta",< $10,2010-05
Northstar Coffee Company,"918 State St, Santa Barbara",,2010-05
Mojo Coffee,"7127 Hollister Ave, Goleta",< $10,2010-05
Presto Pasta,"5764 Calle Real, Goleta",< $10,2010-05
Saigon - 424 State,"424 State St, Santa Barbara",$10 - $20,2010-05
Quizno's - Calle Real,"5723 Calle Real, Goleta",< $10,2010-04
Chilango's Mexican Restaurant,"503 State St, Santa Barbara",< $10,2010-04
Encina Cafe & Cocktails,"2220 Bath St, Santa Barbara",$10 - $20,2010-04
California Crisp,"718 State St, Santa Barbara",< $10,2010-04
Hotcookie.com,"2018 Cliff Dr, Santa Barbara",,2010-04
Creekside Grill,"4444 Hollister Ave, Goleta",< $10,2010-03
Chef Karim's Moroccan Restaurant,"1221 State St, Santa Barbara",$20+,2010-03
Caje,"1007 Casitas Pass Rd, Carpinteria",,2010-03
Fosters Freeze,"1924 Cliff Dr, Santa Barbara",< $10,2010-03
Tuttini,"10 E. Carrillo St, Santa Barbara",< $10,2010-02
Downtown Brewing Co.,"3744 State St, Santa Barbara",< $10,2010-02
Cities Barbecue,"901 N. Milpas St, Santa Barbara",$10 - $20,2010-02
Epiphany Restaurant & Bar,"21 W. Victoria St, Santa Barbara",$20+,2010-02
Dean-o's Pizzarama,"1950 Cliff Dr, Santa Barbara",$10 - $20,2010-01
"Farmers Market - Thursday (Goleta, Calle Real)","5700 Calle Real, Goleta",,2010-01
Ruby's Cafe & Spirits Lounge,"734 State St, Santa Barbara",< $10,2010-01
La Chiripita Taqueria,"730 N. Milpas St, Santa Barbara",< $10,2010-01
Fresh Start,"6558 Pardall Rd, Isla Vista",< $10,2010-01
Melting Pot,"608 Anacapa St, Santa Barbara",,2010-01
Lettuce B. Frank,"413 State St, Santa Barbara",< $10,2009-12
The Porch,"2621 W. Highway 154, Los Olivos",$10 - $20,2009-12
Red Mango - Five Points,"3967 State St, Santa Barbara",,2009-12
Left At Albuquerque,"700 State St, Santa Barbara",$10 - $20,2009-12
Grapevine Fine Food Market,"126 E. Canon Perdido St, Santa Barbara",,2009-12
Einstein Bros Bagels,"7127 Hollister Ave, Goleta",,2009-11
China Pavilion - Montecito,"1070 Coast Village Rd, Montecito",$10 - $20,2009-10
Jake's Cafe,"2911 De La Vina St, Santa Barbara",< $10,2009-10
Boris Cake Bakery,"423 N. Milpas St, Santa Barbara",,2009-09
Java Jones - State & De La Guerra,"728 State St, Santa Barbara",,2009-09
Vons Bakery - Downtown,"34 W. Victoria St, Santa Barbara",,2009-08
Vons - Downtown,"34 W. Victoria St, Santa Barbara",,2009-08
Fortune Garden,"5915 Calle Real, Goleta",$10 - $20,2009-08
Cafe Bianco,"11 W. Victoria St, Santa Barbara",< $10,2009-07
McConnell's Fine Ice Creams - Goleta,"7034 Camino Real Marketplace, Goleta",,2009-07
Yoli's Mexican Restaurant,"5877 Hollister Ave, Goleta",< $10,2009-07
Hummingbird Cafe,"1101 State St, Santa Barbara",< $10,2009-06
Tacone,"213 Paseo Nuevo, Santa Barbara",< $10,2009-05
CaliRoll Express,"887 Embarcadero del Norte, Isla Vista",< $10,2009-05
Berrilicious,"956 Embarcadero Del Norte, Isla Vista",< $10,2009-05
Stateside Restaurant & Lounge,"1114 State St, Santa Barbara",$10 - $20,2009-05
Big Tom's Backyard BBQ,"3687 Sagunto St, Santa Ynez",< $10,2009-05
Kona Ranch House,"5685 Calle Real, Goleta",$20+,2009-03
Restaurant Marcella,"2860 Grand Ave, Los Olivos",$20+,2009-03
Santa Barbara Roasting Co. - Paseo Nuevo,"670 Paseo Nuevo, Santa Barbara",,2009-03
International Deli & Market,"4422 Hollister Ave, Goleta",< $10,2009-03
Sushi 7,"1026-A Coast Village Rd, Montecito",$10 - $20,2009-03
Pavilion Garden,"414 N. Milpas St, Santa Barbara",$10 - $20,2009-02
Intermezzo,"813 Anacapa St, Santa Barbara",$10 - $20,2009-02
Bougainvillea,"202 State St, Santa Barbara",$10 - $20,2009-02
JR's BBQ at Creekside,"4444 Hollister Ave, Goleta",$10 - $20,2009-01
Machine Gun Deli,"606 W. Mission St, Santa Barbara",< $10,2009-01
Mr. Pickles Sandwich Shop,"6545 Pardall Rd, Isla Visa",< $10,2009-01
Q's Billiards,"409 State St, Santa Barbara",$10 - $20,2009-01
Saffron,"113 W. De La Guerra St, Santa Barbara",$10 - $20,2009-01
Sweet Alley,"1103A State St, Santa Barbara",,2008-12
Fat Burger,"718 State St, Santa Barbara",< $10,2008-12
Matador,"714 State St, Santa Barbara",$10 - $20,2008-12
Bricks Cafe,"509 State St, Santa Barbara",$10 - $20,2008-11
Sesto Senso Ristorante,"1026 Coast Village Rd, Montecito",$10 - $20,2008-11
Eclectic I.V.,"6530 Pardall Rd, Isla Vista",< $10,2008-10
Dish Cafe,"5722 Calle Real, Goleta",< $10,2008-10
Scotch Bonnet,"428 Chapala St, Santa Barbara",$20+,2008-09
Carrows,"210 W. Carrillo St, Santa Barbara",< $10,2008-09
Fresh Wok,"6578 Trigo Rd, Isla Vista",< $10,2008-09
Piranha Restaurant & Sushi Bar,"801 State St, Santa Barbara",$10 - $20,2008-09
Ruby's Diner,"601 Paseo Nuevo, Santa Barbara",< $10,2008-09
Tsunami,"1014 Coast Village Rd, Montecito",$10 - $20,2008-08
Java Jon's,"8 S. Milpas St, Santa Barbara",,2008-08
Coffee Bean - State & Victoria,"1226 State St, Santa Barbara",,2008-08
Pita Inn,"3807 Santa Claus Ln, Carpinteria",< $10,2008-08
Quantum Kitchen & Cocktails,"201 W. Carrillo St, Santa Barbara",$10 - $20,2008-07
Finestra Caffe,"15 E. Figueroa St, Santa Barbara",,2008-07
Smokin Jacks Kansas City BBQ,"3807 Santa Claus Ln, Carpinteria",$10 - $20,2008-07
Chad's,"625 Chapala St, Santa Barbara",$20+,2008-07
Gelateria Gioia,"1150 Coast Village Rd, Montecito",,2008-06
Java Jones - State & Figueroa,"1101 State St, Santa Barbara",,2008-06
Volare Ristorante,"1095 Edison St, Santa Ynez",$20+,2008-06
Rincon Sub,"1108 Casitas Pass Rd, Carpinteria",< $10,2008-06
Zaffiro,"6920 Camino Real Marketplace, Goleta",$10 - $20,2008-06
Volare Deli,"1095 Edison St, Santa Ynez",< $10,2008-06
Fresco Museum Cafe,"1130 State St, Santa Barbara",< $10,2008-05
Chili Town,"730 N. Milpas St, Santa Barbara",< $10,2008-05
Thrifty Ice Cream/Rite Aid - Carp,"1012 Casitas Pass Rd, Carpinteria",,2008-05
Sevilla,"428 Chapala St, Santa Barbara",$20+,2008-05
El Caballo,"3130 State St, Santa Barbara",< $10,2008-05
Giovanni's - Goleta,"5940 Calle Real, Goleta",$10 - $20,2008-04
Mesa Thai Cuisine,"1819 Cliff Dr, Santa Barbara",< $10,2008-04
A Capella Restaurant,"2220 Bath St, Santa Barbara",$10 - $20,2008-03
Isla Vista Bakery Cafe,"6558 Pardall Rd, Isla Vista",,2008-03
Baskin Robbins,"1005 Casitas Pass Rd, Carpinteria",,2008-03
Saigon Express,"6549 Pardall Rd, Isla Vista",< $10,2008-03
Le Bon Cafe,"138 E. Canon Perdido St, Santa Barbara",$10 - $20,2008-02
Baskin Robbins,"1016 Coast Village Rd, Montecito",,2008-02
Zelo Restaurant,"630 State St, Santa Barbara",$10 - $20,2008-02
Rocks,"801 State St, Santa Barbara",$10 - $20,2008-02
Fresco at the Beach,"901 E. Cabrillo Blvd, Santa Barbara",$20+,2008-01
Thrifty Ice Cream/Rite Aid - Univ Plaza,"7127 Hollister Ave, Goleta",,2008-01
Kampai,"4141 State St, Santa Barbara",< $10,2008-01
Pierre Lafond,"11 W. De La Guerra St, Santa Barbara",< $10,2007-12
Jamba Juice,"742 State St, Santa Barbara",,2007-12
Sage & Onion,"30 E. Ortega St, Santa Barbara",$20+,2007-12
Brown Pelican,"2981 Cliff Dr, Santa Barbara",$20+,2007-11
La Tolteca Restaurant,"600 N. Milpas St, Santa Barbara",< $10,2007-10
31 West,"31 W. Carrillo St, Santa Barbara",$20+,2007-10
Asian Cafe,"5869 Hollister Ave, Goleta",,2007-10
Paterno,At the UCen on the UCSB Campus,< $10,2007-09
El Cazador,"731 De la Guerra Plaza, Santa Barbara",$20+,2007-09
Lilia's,"5746 Hollister Ave, Goleta",< $10,2007-09
Tiramisu,"12 W. De La Guerra, Santa Barbara",$10 - $20,2007-09
Cajun Kitchen - Milpas,"217 N. Milpas St, Santa Barbara",< $10,2007-09
The Zone Sports Grille,"686 Linden Ave, Carpinteria",< $10,2007-09
Couchez,"214 State St, Santa Barbara",$20+,2007-08
Isla Vista Spot,"6521 Pardall Rd, Isla Vista",$10 - $20,2007-08
New York Buffalo Wings,"910 Embarcadero Del Norte, Isla Vista",< $10,2007-08
Wine Cask - Los Olivos,"2860 Grand Ave, Los Olivos",$20+,2007-08
Cafe La Luz,"1436 Chapala St, Santa Barbara",< $10,2007-07
Coffee Grinder,"910 Linden Ave, Carpinteria",,2007-06
Restaurant Nu,"1129 State St, Santa Barbara",$10 - $20,2007-05
Summerland Market,"2580 Lillie Ave, Summerland",< $10,2007-05
Bogart's Cafe,"1114 State St, Santa Barbara",$10 - $20,2007-05
Jerusalem Garden Cafe,"910 Embarcadero del Norte, Isla Vista",< $10,2007-05
Italian & Greek Market,"636 State St, Santa Barbara",< $10,2007-04
Italian Bakery - Upper State,"3315 State St, Santa Barbara",< $10,2007-04
El Jirasol Subs,"1108 Casitas Pass Rd, Carpinteria",< $10,2007-04
Cuzcatlan Salvadorian Cuisine,"2911 De La Vina St, Santa Barbara",< $10,2007-03
Red Robin,"3825 State St, Santa Barbara",,2007-02
Buddy's Pretzels & Dogs,"963 Linden Ave, Carpinteria",< $10,2007-02
Los Tacos Restaurant,"435 N. Milpas St, Santa Barbara",< $10,2007-02
Taiko,"511 State St, Santa Barbara",$10 - $20,2007-01
Deli House,"666 Linden Ave, Carpinteria",< $10,2007-01
Julian's Mexican Cafe,"421 N. Milpas St, Santa Barbara",< $10,2007-01
La Marina at the Biltmore Hotel,"1260 Channel Dr, Montecito",$20+,2006
Citronelle,"901 E. Cabrillo Blvd, Santa Barbara",$20+,2006
Acapulco,"1114 State St, Santa Barbara",$10 - $20,2006
Casa Blanca Restaurante,"509 State St, Santa Barbara",,2006
Camino Real Cafe,"6980 Camino Real Marketplace, Goleta",$10 - $20,2006
Pavlako's Eatery,"217 N. Milpas St, Santa Barbara",,2006
Big Yellow House,"108 Pierpont Rd, Summerland",$10 - $20,2006
Zal's Museum Cafe,"1130 State St, Santa Barbara",< $10,2006
Sandman Bar & Grill,"3744 State St, Santa Barbara",,2006
Sushi Teri - Upper State St,"3905 State St, Santa Barbara",< $10,2006
French Bulldog Cafe,"2354 Lillie Ave, Summerland",< $10,2006
La Salsa,"1131 State St, Santa Barbara",< $10,2006
Pascuals Restaurant,"30 E. Victoria St, Santa Barbara",< $10,2006
Paoli's,"202 State St, Santa Barbara",$10 - $20,2006
Gisella's Trattoria,"1311 State St, Santa Barbara",,2006
Jimmy's Oriental Gardens,"126 E. Canon Perdido St, Santa Barbara",< $10,2006
Kashima Japanese Restaurant,"5744 Hollister Ave, Goleta",,2006
Dish,"138 E. Canon Perdido St, Santa Barbara",$20+,2006
Don Pepe's Restaurant,"701 Chapala St, Santa Barbara",< $10,2006
Storke Road Drive Inn,"370 Storke Rd, Goleta",< $10,2006
Bellyboards,"5687 Calle Real, Goleta",< $10,2006
L'ombretta,"1134 Chapala St, Santa Barbara",$10 - $20,2006
Zeno Manue,"411 State St, Santa Barbara",,2006
El Mariachi,"431 State St, Santa Barbara",,2006
Cafe Siena,"1101 State St, Santa Barbara",,2006
Boba Tea House,"966 Embarcadero Del mar, Isla Vista",< $10,2006
Cafe Sonrisas,"5392 Hollister Ave, Goleta",< $10,2006
Menehunes Bar & Grill,"6549 Pardall Rd, Isla Vista",< $10,2006
Blue Dolphin Cafe,"910 Embarcadero Del Norte, Isla Vista",,2006
China Garden,"6530 Pardall Rd, Isla Vista",< $10,2006
DogHouse,"730 N. Milpas St, Santa Barbara",< $10,2006
Eclectico,"30 W. Anapamu St, Santa Barbara",$10 - $20,2006
Sushi Teri - Isla Vista,"909 Embarcadero Del Mar, Isla Visa",< $10,2006
Zaffron,"4444 Hollister Ave, Goleta",,2005
Gordo's Italian Pizza,"5838 Hollister Ave, Goleta",,2005
Kava Lounge,"508 E. Haley St, Santa Barbara",< $10,2005
Granada Grill,"1212 State St, Santa Barbara",$10 - $20,2005
Baba's Falafels,At the UCen on the UCSB Campus,< $10,2005
Marcello Ristorante,"1218 State St, Santa Barbara",,2005
City Kitchen,"901 N. Milpas St, Santa Barbara",,2005
Good Earth Restaurant,"5955 Calle Real, Goleta",$10 - $20,2005
Mexican Grill,"730 N. Milpas St, Santa Barbara",,2005
Santa Barbara Cheesecake,"1915 De La Vina St, Santa Barbara",,2005
Blue Collar Bistro,"233 W. Montecito St, Santa Barbara",< $10,2005
Golden China,"3130 State St, Santa Barbara",< $10,2005
El Taco Amigo,"6580 Pardall Rd, Isla Vista",< $10,2005
Las Brisas Mexican Seafood Grill,"414 N. Milpas St, Santa Barbara",,2005
TJ's Grill,"955 Embarcadero Del Mar, Isla Vista",,2005
Mrs. Fields Cookies,"140 S. Hope Ave, Santa Barbara",< $10,2005
Santa Barbara Sandwich Company,"1226 State St, Santa Barbara",,2005
Kung Pao Kitchen,"6530 Pardall Rd, Isla Vista",,2005
Cafe Delight,"4141 State St, Santa Barbara",< $10,2005
Little Alex's,"3534 State St, Santa Barbara",< $10,2005
Ma Dolce Vita,"700 State St, Santa Barbara",,2005
Carrows - Goleta,"5677 Calle Real, Goleta",< $10,2005
Kafana,"11 W. Victoria St, Santa Barbara",,2005
Los Arcos,"12 W. De La Guerra St, Santa Barbara",,2005
Azuma Japanese Restaurant,"24 W. Figueroa St, Santa Barbara",$10 - $20,2005
Juanitos Mexican Food,"5746 Hollister Ave, Goleta",,2005