Name,Address,Price,Opened,,
Dave's Dogs - Milpas,900 North Milpas Street,,2019-12,,
Flor de Maiz,29 East Cabrillo Boulevard,,2019-12,,
Yume Sushi,"1134 Chapala Street, Santa Barbara",,2019-12,,"
"
Lemon & Coriander,"231 Magnolia Ave, Goleta",,2019-12,,
Vons Chicken,"955 Embarcadero del Mar, Isla Vista",,2019-11,,
Su’s Bowl,"901 Embarcadero del Mar, Isla Vista",,2019-11,,
Onus Donuts,"413 State Street, Santa Barbara",,2019-11,,
Su's Bowl,"901 Embarcadero Del Mar #100, Isla Vista",,2019-11,,
The Daisy,"1221 State Street, Santa Barbara",,2019-11,,
Wabi Sabi Sushi Bar,"38 West Victoria Street #119, Santa Barbara",,2019-10,,
Oku,"29 E. Cabrillo Blvd, Santa Barbara",,2019-10,,
Hook’d Bar & Grill,"1 Lakeview Drive, Santa Barbara",,2019-10,,
Asie Dumpling House,"511 State St, Santa Barbara",,2019-09,,
Starbucks Drive-thru - N. Turnpike,"4791 Calle Real, Santa Barbara",,2019-09,,
Eleven14 Craft House and Kitchen,"1114 State St, Santa Barbara",,2019-09,,
Meet Up Restaurant,"2251 Las Positas Road, Santa Barbara",,2019-09,,
Jeannine’s Bakery - Goleta,7060 Hollister Ave. Goleta,,2019-09,,
Sizzling Lunch,"6533 Trigo Road, Isla Vista",,2019-09,,
La Michoacána Premier,"21 N. Milpas St, Santa Barbara",,2019-08,,
Low Pigeon Coffee Roasters,"401 East Haley St, Santa Barbara",,2019-08,,
Embermill,"1031 State St, Santa Barbara",,2019-08,,
Corazon Cocina - Funk Zone,"214 State Street, Santa Barbara",,2019-07,,
Oppi’z Bistro and Natural Pizza,"1026 State Street, Santa Barbara",,2019-07,,
Challwa Peruvian Cuisine,"724 East Haley Street, Santa Barbara",,2019-07,,
Estilo Jalisco Grilled Tacos,"209 S Milpas St, Santa Barbara",,2019-07,,
Apna Indian Cuisine,"718 State Street, Santa Barbara",,2019-07,,
Locale,"38 W. Victoria St, Santa Barbara",,2019-06,,
La Cocina,"7 East Anapamu Street, Santa Barbara",,2019-06,,
Fala Bar,"38 W. Victoria St, Santa Barbara",,2019-06,,
Mesa Burger,"7010 Marketplace Dr, Goleta",,2019-05,,
Caje - Downtown,"416 East Haley St, Santa Barbara",,2019-05,,
Merci Montecito,"1028 Coast Village Road, Montecito",,2019-05,,
Caffe Luxxe,"1028 Coast Village Road, Montecito",,2019-05,,
Ike's Love & Sandwiches,"1936 State St, Santa Barbara",,2019-05,,
Hanamura Cantonese Dim Sum,"901 Embarcadero del Mar, Isla Vista",,2019-04,,
Cubaneo,"418 State St, Santa Barbara",,2019-04,,
Alito’s,"509 State St, Santa Barbara",,2019-04,,
Caruso’s at Miramar,"1759 South Jameson Lane, Montecito",,2019-04,,
Malibu Farm at Miramar,"1759 South Jameson Lane, Montecito",,2019-04,,
Sushi Bar at Montecito Inn,"1295 Coast Village Rd, Montecito",,2019-04,,
The Little Things Bakery,2018 Cliff Dr. Santa Barbara,,2019-03,,
Bossie’s Kitchen,"901 North Milpas St, Santa Barbara",,2019-02,,
Mala Town,"6555 Pardall Road, Isla Vista",,2019-02,,
Choppa Poke - Downtown,"716 State St, Santa Barbara",,2019-01,,
Soul Cal Smokehouse,38 West Victoria St. Santa Barbara,,2019-01,,
Sup and Jus,7060 Hollister Ave. Goleta,,2019-01,,
Masala Spice,"5796 Calle Real, Goleta",,2019-01,,
California Tacos and Taproom,"956 Embarcadero Del Norte, Isla Vista",,2019-01,,
Rockfire Grill,"6583 Pardall Road, Isla Vista",,2018-12,,
Cafe Ana,"1201 Anacapa St, Santa Barbara",,2018-12,,
Jersey Mike’s Subs - Carpinteria,"1054 Casitas Pass Road, Carpinteria",,2018-12,,
Online Pizza Company,"5756 Calle Real, Goleta",,2018-12,,
Khao Kaeng,"1187 Coast Village Rd, Montecito",,2018-11,,
Buena Onda - State,"1131 State St, Santa Barbara",,2018-11,,
Bettina,"1014 Coast Village Rd, Montecito",,2018-10,,
Uniboil,"5599 Hollister Avenue, Goleta",,2018-10,,
Tyger Tyger,"121 E. Yanonali St, Santa Barbara",,2018-10,,
Monkeyshine Ice Cream,"121 E. Yanonali St, Santa Barbara",,2018-10,,
Dart Coffee,"121 E. Yanonali St, Santa Barbara",,2018-10,,
Vicenta’s,"6920 Marketplace Dr, Goleta",,2018-10,,
ParadICE Hawaiian Shave Ice,"11 W. De La Guerra, Santa Barbara",,2018-10,,
Chicken in a Barrel BBQ,"5711 Calle Real, Goleta",,2018-10,,
Los Arroyos - Solvang,"1992 Old Mission Drive, Solvang",,2018-09,,
Lighthouse Coffee,"1819 Cliff Dr, Santa Barbara",,2018-09,,
Hanamura,"901 Embarcadero del Mar, Isla Vista",,2018-09,,
One Piece,"6555 Pardall Rd, Isla Vista",,2018-09,,
Mezza Thyme,"20 East Cota St, Santa Barbara",,2018-09,,
Crush Tasting Room & Kitchen,432 E. Haley St Santa Barbara,,2018-09,,
La Guerrerita,"5698 Hollister Ave, Goleta",,2018-09,,
The Middle Child,"18 E. Cota St, Santa Barbara",,2018-08,,
Night Lizard Brewing Company,"607 State St, Santa Barbara",,2018-08,,
Due Lune Ristorante and Bar,"1 State St, Santa Barbara",,2018-08,,
Renaud’s Patisserie & Bistro - Montecito,"1187 Coast Village Rd, Montecito",,2018-08,,
Creamistry,"935 State St, Santa Barbara",,2018-07,,
McConnell’s Fine Ice Creams - Lower State,"120 State St, Santa Barbara",,2018-07,,
Old Town Coffee,"5877 Hollister Ave, Goleta",,2018-07,,
The Monarch,"1295 Coast Village Rd, Santa Barbara",,2018-07,,
Old Town Coffee,"5877 Hollister Ave, Goleta",,2018-07,,
Lilsey’s Wood-Fired Pizza,"2840 De La Vina St, Santa Barbara",,2018-06,,
Mizza,"1112 State St, Santa Barbara",,2018-06,,
Ca’Dario Pasta Veloce,"38 W. Victoria St, Santa Barbara",,2018-06,,
Mollie's,"1218 State St, Santa Barbara",,2018-06,,
Sunshine Cafe,"3514 State St, Santa Barbara",,2018-06,,
Locavore Kitchen,"21 West Victoria St, Santa Barbara",,2018-06,,
212 Hot Pot,"6533 Trigo Rd, Isa Vista",,2018-06,,
Teddy’s by the Sea,"5096 Carpinteria Ave, Carpinteria",,2018-06,,
Vegan Green GO,"3613 State St, Santa Barbara",,2018-05,,
Starbucks - Albertsons,"7127 Hollister Ave, Goleta",,2018-05,,
Roost,"1305 State St, Santa Barbara",,2018-05,,
New Si Chuan Garden,"2840 De la Vina St, Santa Barbara",,2018-04,,
Frankland’s Crab & Co.,"1295 Coast Village Rd, Santa Barbara",,2018-04,,
Finney’s Crafthouse & Kitchen,"35 State St, Santa Barbara",,2018-04,,
Wildwood Museum Café,"1130 State St, Santa Barbara",,2018-03,,
Bluewater Grill,"15 East Cabrillo Blvd, Santa Barbara",,2018-03,,
Tacos Pipeye,"217 N. Milpas St, Santa Barbara",,2018-03,,
Choppa Ice Cream,7060 Hollister Avenue in Goleta,,2018-03,,
Bibi Ji,"734 State St, Santa Barbara",,2018-02,,
Grilled Cheese Truck,"956 Embarcadero Del Norte, Isla Vista",,2018-02,,
PokeCeviche - Downtown,"313 Paseo Nuevo, Santa Barbara",,2018-02,,
Islands,"3825 State St, Santa Barbara",,2018-02,,
Taco Tuyo,"724 E. Haley St, Santa barbara",,2018-01,,
Ca’ Dario Cucina Italiana,"250 Storke Rd, Goleta",,2018-01,,
Smithy,"7 E. Anapamu St., Santa Barbara",,2017-12,,
Mattei’s Tavern,"2350 Railway Ave, Los Olivos",$20+,2017-12,,
Miso Hungry,"134 E Canon Perdido St, Santa Barbara,",,2017-11,,
Ca’Dario Pizza Veloce,"38 W. Victoria St, Santa Barbara",,2017-11,,
The Deck,"6601 Hollister Ave, Goleta",,2017-11,,
Hilton Garden Inn,"6878 Hollister Ave, Goleta",,2017-11,,
Mosto,"7 W. Haley St, Santa Barbara",,2017-10,,
Cristino’s Bakery,"170 Aero Camino, Goleta",,2017-10,,
Lao Ma Tou,"511 State St, Santa Barbara",,2017-10,,
Poki Rito,"6530 Seville Rd, Isla Vista",,2017-10,,
Oat Bakery,"5 West Haley St, Santa Barbara",,2017-10,,
PokeCeviche - Isla Vista,"901 Embarcadero del Mar, Isla Vista",,2017-10,,
Kyle’s Kitchen - Hollister,"7060 Hollister Ave, Goleta",,2017-10,,
Oliver's,"1198 Coast Village Rd, Montecito",,2017-09,,
Oat Bakery,"5 W. Haley St, Santa Barbara",,2017-09,,
Sunny Korean Restaurant,"532 State St, Santa Barbara",,2017-09,,
Dave's Dogs,"149 S. Turnpike Rd, Goleta",,2017-09,,
Blackbird,"36 State St, Santa Barbara",,2017-09,,
Basil's,"608 Anacapa St, Santa Barbara",,2017-09,,
Goat Tree,"36 State St, Santa Barbara",,2017-09,,
Craft Ramen,"436 State St, Santa Barbara",,2017-09,,
Worker Bee Café - Goleta,"5599 Hollister Ave, Goleta",,2017-09,,
Handlebar Coffee - De la Vina,"2720 De la Vina St, Santa Barbara",,2017-09,,
Luna Grill,"3925 State St, Santa Barbara",,2017-09,,
Guichos Eatery,"901 Linden Ave, Carpinteria",,2017-09,,
Rudy's - downtown,"138 E.Canon Perdido St, Santa Barbara",,2017-09,,
Starbucks - UCSB,At the UCen on the UCSB Campus,,2017-08,,
Urkeb,"413 State St, Santa Barbara",,2017-08,,
Dumpling King,"966 Embarcadero Del Mar, Isla Vista",,2017-08,,
Mundos,"901 N. Milpas St, Santa Barbara",,2017-08,,
Sharky’s Woodfired Mexican Grill,"7060 Hollister Ave, Goleta",,2017-07,,
Rincon Brewery - Isla Vista,"6583 Pardall Rd, Isla Vista",,2017-07,,
Cajun Kitchen - Calle Real,"6025 Calle Real, Goleta",,2017-07,,
Rusty's Pizza - Hollister,"4880 Hollister Ave, Goleta",,2017-07,,
Shalhoob Meat Co. Patio,"220 Gray Ave, Santa Barbara",,2017-07,,
La Hacienda,"298 Pine Ave, Goleta",,2017-06,,
Los Arroyos - Goleta,"5764 Calle Real, Goleta",,2017-06,,
Goa Taco,"718 State St, Santa Barbara",,2017-06,,
Bear and Star,"2860 Grand Ave, Los Olivos",,2017-05,,
Sun Sushi,"3631 State St, Santa Barbara",,2017-05,,
Santo Mezcal,"119 State St, Santa Barbara",,2017-05,,
Grocery Outlet Bargain Market,"2840 De la Vina St, Santa Barbara",,2017-04,,
Meun Fan Thai Café - Goleta,"5664 Calle Real, Goleta",,2017-04,,
Kyle's Kitchen - Downtown,"791 Chapala St, Santa Barbara",,2017-04,,
Creekside Restaurant and bar,"4444 Hollister Ave, Goleta",,2017-04,,
Foxtail Kitchen and Bar,"14 E. Cota St, Santa Barbara",,2017-04,,
Big Eye Raw Bar,"38 W. Victoria St, Santa Barbara",,2017-04,,
Gimeal Café,"5892 Hollister Ave, Goleta",,2017-03,,
Petros Kafe - Solvang,"487 Atterdag Rd, Solvang",,2017-03,,
Lao Wang,"6530 Pardall Rd, Isla Vista",,2017-02,,
Tangonadas,"1014 State St, Santa Barbara",,2017-02,,
The Little Door,"129 E. Anapamu St, Santa Barbara",,2017-02,,
The Patio Café,"3007 De la Vina St, Santa Barbara",,2017-02,,
HiWi Tropical Fusion,"6555 Pardall Rd, Isla Vista",,2017-01,,
Bar 29,"1134 Chapala St, Santa Barbara",,2017-01,,
18 East,"18 E. Cota St, Santa Barbara",,2016-12,,
Somerset,"7 E.Anapamu St, Santa Barbara",$20+,2016-12,,
Blaze Pizza - Santa Barbara,"3925 State St, Santa Barbara",< $10,2016-12,,
Mesa Burger,"315 Meigs Rd, Santa Barbara",,2016-12,,
Nikka Ramen,"5701 Calle Real, Goleta",,2016-11,,
Red Kettle Coffee,"2275 Ortega Hill Rd, Summerland",,2016-11,,
Buena Onda - Haley,"724 East Haley Street, Santa Barbara",,2016-11,,
The Honey B @ Antioch,"602 Anacapa St, Santa Barbara",,2016-10,,
Phoevermore,"1017 Casitas Pass Rd, Carpinteria",,2016-10,,
Dickey’s Barbecue Pit,"7060 Hollister Ave, Goleta",,2016-09,,
Loquita,"202 State St, Santa Barbara",,2016-09,,
Pickles & Swiss - Goleta,"7060 Hollister Ave, Goleta",,2016-09,,
Choppa Poke - Goleta,"7000 Hollister Ave, Goleta",,2016-09,,
Vons - Mesa,"2010 Cliff Dr, Santa Barbara",,2016-08,,
Pizza Man Dan's,"699 Linden Ave, Carpinteria",,2016-08,,
Sprouts Farmers Market,"175 N. Fairview Ave, Goleta",,2016-08,,
Pieology,"7000 Hollister Ave, Goleta",,2016-08,,
Nona's Deli,"415 E. De la Guerra St, Santa Barbara",,2016-07,,
Helena Avenue Bakery,"131 Anacapa St, Santa Barbara",,2016-07,,
Convivo at Santa Barbara Inn,"901 East Cabrillo Blvd, Santa Barbara",,2016-07,,
American Ale 02,"214 State St, Santa Barbara",,2016-07,,
Corazón Cocina - SB Public Market,"38 W. Victoria St, Santa Barbara",,2016-07,,
Drunken Crab,"416 State St, Santa Barbara",,2016-07,,
Viva Santa Barbara,"1114 State St, Santa Barbara",,2016-07,,
Angel Oak at the Bacara Resort,"8301 Hollister Ave, Goleta",,2016-06,,
Rusty's Pizza - Waterfront,"111 State St, Santa Barbara",$10 - $20,2016-06,,
Nugget - Carpinteria,"5096 Carpinteria Ave, Carpinteria",,2016-06,,
Dunkin Donuts,"3771 State St, Santa Barbara",,2016-06,,
Zizzo’s Coffeehouse & Brew Pub,"7060 Hollister Ave, Goleta",,2016-05,,
Little Kitchen,"17 West Ortega St, Santa Barbara",,2016-05,,
Le Petit Bistrot,"532 State St, Santa Barbara",$20+,2016-05,,
Smart & Final Extra! - Upper State,"3943 State St, Santa Barbara",,2016-05,,
Phamous Café,"7127 Hollister Ave, Goleta",,2016-05,,
Nook,"120 Santa Barbara St, Santa Barbara",,2016-05,,
Ike's Love & sandwiches,"6530 Seville Rd, Isla Vista",,2016-04,,
Jane - Goleta,"6920 Marketplace Dr, Goleta",,2016-04,,
Oveja Blanca Restaurante,"30 E. Ortega St, Santa Barbara",,2016-04,,
Fire & Ice Cafe,"971 Embarcadero del Mar, Isla Vista",,2016-03,,
Hana Kitchen - Downtown,"5 W. Haley St, Santa Barbara",,2016-03,,
Smart & Final Extra! - Carpinteria,"850 Linden Ave, Carpinteria",,2016-03,,
Santa Ynez Burrito - Isla Vista,"956 Embarcadero Del Norte, Isla Vista",,2016-03,,
805 Kabob,"6578 Trigo Rd, Isla Vista",,2016-03,,
Rusty's Pizza - Calle Real,5934 Calle Real in Goleta,,2016-02,,
Pascucci - Goleta,"6920 Marketplace Dr, Goleta",,2016-02,,
La Bella Rosa Bakery - Goleta,"7127 Hollister Ave.#18, Goleta",,2016-02,,
The French Press - Goleta,"250 Storke Rd, Goleta",,2016-02,,
Yankee Noodle,"214 State St, Santa Barbara",,2016-02,,
Green Table,"113 W. De la Guerra St, Santa Barbara",,2016-02,,
Taqueria El Pastorcito,"4427 Hollister Ave, Goleta",,2016-02,,
Boondocks,"4444 Hollister Ave, Santa Barbara",,2016-01,,
Gandolfo’s New York Delicatessen,"718 State St, Santa Barbara",< $10,2016-01,,
Nothing Bundt Cakes,"5784 Calle Real, Goleta",,2016-01,,
Home Plate Grill,7398 Calle Real Goleta,,2016-01,,
Choi’s Oriental Market & Korean Restaurant,"185 S Patterson Ave # D,",,2016-01,,
Wake Cup,"901 Embarcadero del Mar, Isla Vista",,2016-01,,
Fernando's Churros & Restaurant,"316 N. Milpas St (in the back), Santa Barbara",,2015-12,,
Sachi Ramen,"721 Chapala St, Santa Barbara",,2015-12,,
High Sierra Grill & Bar,"521 Firestone Rd, Goleta",,2015-12,,
Lure Fish House,"3815 State St, Santa Barbara",,2015-12,,
Stone Age Restaurant,"415 N. Milpas St, Santa Barbara",,2015-12,,
Smart & Final Extra!,"7090 Hollister Ave, Goleta",,2015-12,,
Wildwood Kitchen,"412 East Haley St, Santa Barbara",,2015-12,,
Tamales-To-Go,"20 East Cota St (in the back), Santa Barbara",,2015-11,,
805 Boba,"213 Paseo Nuevo, Santa Barbara",,2015-11,,
Subway - Mission & State,"1936 State St, Santa Barbara",,2015-11,,
China King,"5915B Calle Real, Goleta",,2015-11,,
Zizzo’s Caffe & Brew Pub (inside Ice in Paradise),"6985 Santa Felicia Dr, Goleta",,2015-10,,
Bree'osh Cafe & Bakery,"1150 Coast Village Rd, Ste E",,2015-10,,
Nectar,"20 E. Cota St, Santa Barbara",,2015-10,,
Kimchi Korean Restaurant,"3132 State St, Santa Barbara",,2015-10,,
Lucky Dragon,"6831 Hollister Ave, Goleta",,2015-10,,
Caffe Primo,"516 State St, Santa Barbara",,2015-10,,
Kol's Cafe,"6533 Trigo Rd, Isla Vista",,2015-09,,
On the Alley,"7038 Marktplace Dr, Goleta",,2015-09,,
Borrello’s Pizza and Pastaria,"3807 Santa Claus Lane, Carpinteria",,2015-09,,
Crushcakes - Goleta,"5392 Hollister Ave, Goleta",,2015-08,,
Rebar Coffee,"214 State St, Santa Barbara",,2015-08,,
The Fig Grill,"5940 Calle Real, Goleta",,2015-07,,
Nugget - Santa Barbara,"21 W. Victoria St, Santa Barbara",,2015-07,,
Los Altos,"318 N. Milpas St, Santa Barbara",,2015-07,,
Globe,"18 E. Cota St, Santa Barbara",,2015-07,,
Haggen - Upper State,"3943 State St, Santa Barbara",,2015-06,,
Haggen - Mesa,"2010 Cliff Dr, Santa Barbara",,2015-06,,
Haggen - Carpinteria,"850 Linden Ave, Carpinteria",,2015-06,,
Haggen - Turnpike,"163 S. Turnpike Rd, Goleta",,2015-06,,
Dawn Patrol,"324 State St, Santa Barbara",,2015-06,,
Yoichi’s,"230 E. Victoria St, Santa Barbara",,2015-06,,
I'a Fish Market and Café,"38 W. Victoria St, Santa Barbara",,2015-06,,
Crushcakes & Cafe - Montecito,"1150 Coast Village Rd, Montecito",,2015-05,,
Jersey Mike's Subs - Upper State,"3325 State St, Santa Barbara",,2015-05,,
OTaco,"6530 Pardall Rd, Isla Vista",,2015-04,,
Merci To Go,"1024 Coast Village Rd, Montecito",,2015-04,,
Haggen - Fairview,"165 N. Fairview Ave, Goleta",,2015-04,,
The Mex Authentic,"413 State St, Santa Barbara",,2015-04,,
PizzaRev,"12 W. De La Guerra St, Santa Barbara",,2015-04,,
Sublime,"901 N. Milpas St, Santa Barbara",$10 - $20,2015-04,,
Nuance,"119 State St, Santa Barbara",$20+,2015-04,,
Las Brasas Mexican Grill,"5915B Calle Real, Goleta",,2015-03,,
Terraza Café,"3007 De la Vina St, Santa Barbara",,2015-03,,
Sushi Cafe,"28 W. Figueroa St, Santa Barbara",,2015-03,,
East BeachTacos,"226 S Milpas St, Santa Barbara",,2015-03,,
Live Oak Cafe,"2220 Bath St, Santa Barbara",,2015-03,,
416 State,"416 State St, Santa Barbara",,2015-03,,
The Honor Bar,"1255 Coast Village Rd, Montecito",,2015-02,,
Yume Sushi,"428 Chapala St, Santa Barbara",$10 - $20,2015-02,,
Cielo Bar and Grill,"5096 Carpinteria Ave, Carpinteria",,2015-02,,
La Mission Cafe - Airport Downstairs,"500 Fowler Rd, Santa Barbara",,2015-01,,
Lilac Patisserie,"1017 State St, Santa Barbara",,2015-01,,
Santorini Island Grill,At the UCen on the UCSB Campus,,2015-01,,
Pizza Hut,"5915A Calle Real, Goleta",,2014-12,,
Patxi’s Pizza,"515 State St, Santa Barbara",$10 - $20,2014-12,,
Kyle's Kitchen - Goleta,"5723 Calle Real, Goleta",,2014-12,,
Freeman's Flying Chicken,"3400 Calle Real (Earl Warren), gate C",,2014-11,,
Deux Bakery,"824 Reddick St, Santa Barbara",,2014-11,,
Tino's Italian Grocery,"210 West Carrillo St, Santa Barbara",< $10,2014-11,,
Aladdin Café,"938 Embarcadero del Norte, Isla Vista",< $10,2014-10,,
Tri Tip Company,"214 State St, Santa Barbara",,2014-10,,
Los Agaves - Goleta,"7024 Market Place Dr, Goleta",,2014-10,,
Yellow Belly,"2611 De La Vina St, Santa Barbara",,2014-10,,
Barbareno,"205 W. Canon Perdido St, Santa Barbara",$20+,2014-10,,
Rincon Brewery - Carpinteria,"5065 Carpinteria Ave, Carpinteria",,2014-10,,
The Outpost at The Goodland Hotel,"5650 Calle Real, Goleta",,2014-09,,
Taqueria El Pastorcito,"2009 De la Vina St, Santa Barbara",,2014-09,,
Cafe 154,"4151 Foothill Rd, Santa Barbara",,2014-09,,
Boochies,"113 W. De la Guerra St, Santa Barbara",,2014-08,,
Tacos El Rey,"5 W. Haley St, Santa Barbara",< $10,2014-08,,
Papa Johns Pizza,"5756 Calle Real, Goleta",$10 - $20,2014-07,,
Mesa Verde,"1919 Cliff Dr, Santa Barbara",,2014-07,,
Benchmark Eatery,"1201 State St, Santa Barbara",,2014-07,,
Himalayan Kitchen,"431 State St, Santa Barbara",$10 - $20,2014-06,,
Spudnuts - Isla Vista,"6530 Seville Rd, Isla Vista",,2014-06,,
The Black Sheep,"26 E. Ortega St, Santa Barbara",,2014-05,,
Harolds Caribbean Kitchen,"731 De la Guerra Plaza, Santa Barbara",,2014-05,,
Jersey Mike's Subs - downtown,"1213 State St, Santa Barbara",,2014-05,,
Flagstone Pantry,"38 W. Victoria St, Santa Barbara",,2014-04,,
Belcampo Meat Co.,"38 W. Victoria St, Santa Barbara",,2014-04,,
Green Star Coffee,"38 W. Victoria St, Santa Barbara",,2014-04,,
Juice Well,"38 W. Victoria St, Santa Barbara",,2014-04,,
Santa Monica Seafood,"38 W. Victoria St, Santa Barbara",,2014-04,,
Crazy Good Bread Co.,"38 W. Victoria St, Santa Barbara",,2014-04,,
Fire & Ice Museum Cafe,"1130 State St, Santa Barbara",,2014-04,,
Beach Bowls,"901 Linden Ave, Carpinteria",,2014-04,,
Pasta Shoppe,"38 W. Victoria St, Santa Barbara",,2014-04,,
Rori's Artisanal Creamery,"38 W. Victoria St, Santa Barbara",,2014-04,,
Empty Bowl Gourmet Noodle Bar,"38 W. Victoria St, Santa Barbara",,2014-04,,
Lovin Oven Mediterranean Bakery & Cafe,"6578 Trigo Rd, Isla Vista",,2014-04,,
Deli Express,"7398 Calle Real, Goleta.",,2014-04,,
Ana's Taco Bar,"505 State St, Santa Barbara",< $10,2014-04,,
Enjoy Cupcakes,"38 W. Victoria St, Santa Barbara",,2014-04,,
Piano Riviera Lounge,"129 E Anapamu St, Santa Barbara",,2014-03,,
Olio Crudo Bar,"11 W. Victoria St., Santa Barbara",,2014-03,,
Betos Subs,"731 De La Guerra Plaza, Santa Barbara",,2014-03,,
Blaze Pizza - Isla Vista,"6546 Pardall Road, Isla Vista",,2014-03,,
Firehouse Subs,"6530 Seville Rd, Isla Vista",< $10,2014-03,,
Jimmy John's,"909 Embarcadero del Mar, Isla Vista",,2014-03,,
The Lovin Spoonful,"2028 Cliff Dr, Santa Barbara",,2014-02,,
Neighbor Tim's BBQ,Food Truck,,2014-01,,
Barbarians Pizza,"511 State St, Santa Barbara",,2014-01,,
Wok on the Wild Side,"901 Embarcadero del Mar, Isla Vista",,2014-01,,
Buddha Bowls,"901 Embarcadero del Mar, Isla Vista",< $10,2013-12,,
Lilly's Taqueria - Goleta,"290 Storke Rd, Goleta",,2013-12,,
Buddha Bowls,"901 Embarcadero Del Mar, Isla Vista",,2013-12,,
Magic Pita Cafe,"5 W. Haley St, Santa Barbara",< $10,2013-11,,
Paloma Restaurant and Tequila Bar,"5764 Calle Real, Goleta",,2013-11,,
Brothers Restaurant at Red Barn,"3539 Sagunto St, Santa Ynez",,2013-11,,
Red Sands Market and Deli,"207 W. Anapamu St, Santa Barbara",,2013-11,,
Fresh Market,"222 N. Milpas St, Santa Barbara",,2013-11,,
Blue Tavern,"119 State St, Santa Barbara",,2013-11,,
Daily Grind - De la Vina,"2912 De La Vina St, Santa Barbara",,2013-10,,
Tamira,"1027 State St, Santa Barbara",< $10,2013-10,,
Smoke N Barrel BBQ Shack,"6920 Marketplace Drive, Goleta",< $10,2013-09,,
Sushi Tyme,"819C State St, Santa Barbara",,2013-09,,
The Lark,"131 Anacapa St, Santa Barbara",$20+,2013-08,,
McConnell's Fine Ice Creams - State St,"728 State St, Santa Barbara",,2013-08,,
Lucky Penny,"137 Anacapa St, Santa Barbara",,2013-08,,
Verde,"532 State St, Santa Barbara",,2013-08,,
Miso Hungry,"3613 State St, Santa Barbara",< $10,2013-08,,
Mony's Mexican Restaurant,"217 Anacapa St, Santa Barbara",< $10,2013-08,,
Killer Shrimp,"416 State St, Santa Barbara",$10 - $20,2013-07,,
Book Ends Cafe,"602 Anacapa St, Santa Barbara",< $10,2013-07,,
Sorriso Italiano,"901 Embarcadero del Mar, Isla Vista",,2013-07,,
Little Caesars - Fairview,"109 S. Fairview Ave, Goleta",< $10,2013-07,,
Tapatia #3,"5764 Hollister Ave, Goleta",< $10,2013-06,,
Los Agaves - De La Vina,"2911 De La Vina St, Santa Barbara",$10 - $20,2013-06,,
Casa Don Roge,"4928 Carpinteria Ave, Carpinteria",,2013-06,,
Little Caesars - Carpinteria,"1048 Casitas Pass Rd, Carpinteria",< $10,2013-05,,
American Ale,"14 East Cota St, Santa Barbara",$10 - $20,2013-05,,
Panera Bread - Downtown,"700 State St, Santa Barbara",< $10,2013-05,,
Brasil Arts Cafe,"1230C State St, Santa Barbara",,2013-04,,
Toma Restaurant and Bar,"324 W. Cabrillo Blvd, Santa Barbara",$10 - $20,2013-04,,
Open,"4141 State St, Santa Barbara",,2013-04,,
SY Kitchen,"1110 Faraday St, Santa Ynez",$20+,2013-04,,
Finch and Fork,"31 W Carrillo St, Santa Barbara",$20+,2013-04,,
Georgia’s Smokehouse,Mobile - see web site for locations,< $10,2013-03,,
Seven Bar & Kitchen,"224 Helena St, Santa Barbara",,2013-03,,
Hoffmann Brat Haus,"801 State St, Santa Barbara",< $10,2013-03,,
Sama Sama Kitchen,"1208 State St, Santa Barbara",,2013-03,,
El Encanto,"800 Alvarado Place, Santa Barbara",$20+,2013-03,,
Yogurtland - Goleta,"5880 Calle Real, Goleta",,2013-03,,
Kaptain's Firehouse BBQ,"6545 Pardall Road, Isla Vista",< $10,2013-02,,
Persona Neapolitan Pizzeria,"905 State St, Santa Barbara",< $10,2013-02,,
Chick-fil-A,"3707 State St, Santa Barbara",< $10,2013-02,,
Sage & Onion Cafe,"5599 Hollister Ave, Goleta",$10 - $20,2013-01,,
The Bourbon Room,"4444 Hollister Ave, Goleta",,2013-01,,
Anchor Woodfire Kitchen,"119 State St, Santa Barbara",,2013-01,,
Cinco Estrellas,"316 N. Milpas St (in the back), Santa Barbara",< $10,2013-01,,
Sam Choy’s Pineapple Express,Mobile - see web site for locations,,2013-01,,
iGrill Korean BBQ,"3132 State St, Santa Barbara",,2012-12,,
The Shop Cafe,"730 N. Milpas St, Santa Barbara",< $10,2012-12,,
XO,"5599 Hollister Ave, Goleta",,2012-12,,
Rori’s Artisanal Creamery,"1024 Coast Village Rd, Montecito",,2012-12,,
Little Cantina,"14 E. Cota St, Santa Barbara",,2012-11,,
Pickles and Swiss,"811 State St, Santa Barbara",,2012-10,,
Itsuki Restaurant,"7127 Hollister Ave, Goleta",$10 - $20,2012-10,,
The French Table,"129 E. Anapamu St, Santa Barbara",$10 - $20,2012-10,,
Pizza My Heart,"6533 Trigo Rd, Isla Vista",$20+,2012-10,,
Relais de Paris,"734 State St, Santa Barbara",,2012-10,,
The Habit - Isla Vista,"888 Embarcadero del Norte, Isla Vista",< $10,2012-10,,
Angry Wings,"6530 Pardall Rd, Isla Vista",< $10,2012-10,,
Ca Dario Pizzeria,"29 E. Victoria St, Santa Barbara",$10 - $20,2012-10,,
Hana Kitchen - Isla Vista,"6558 Pardall Rd, Isla Vista",< $10,2012-10,,
Good Cup - State,"918 State St, Santa Barbara",,2012-10,,
French Press - Anacapa St,"528 Anacapa St, Santa Barbara",,2012-10,,
Crushcakes & Cafe - Isla Vista,"6533 Trigo Rd, Isla Vista",,2012-09,,
Eureka Burger,"601 Paseo Nuevo, Santa Barbara",$10 - $20,2012-09,,
State & Fig,"1114 State St, Santa Barbara",,2012-09,,
Rosales,"827 E. Montecito St, Santa Barbara",< $10,2012-08,,
Maggies,"1201 State St, Santa Barbara",$20+,2012-08,,
Nikka Fish Grill,"5722 Calle Real, Goleta",,2012-07,,
Snack Shack,"801 State St, Santa Barbara",< $10,2012-07,,
Open Cup,"728 State St, Santa Barbara",,2012-07,,
Hidden Dolphin Cafe,"217 Anacapa St, Santa Barbara",< $10,2012-06,,
Cafe Blu,"506 State St, Santa Barbara",< $10,2012-06,,
Fresh & Easy Market - Milpas,"336 N Milpas St, Santa Barbara",,2012-06,,
On The Alley,"117 Harbor Way, Santa Barbara",< $10,2012-05,,
Blue Owl,"5 W. Canon Perdido St, Santa Barbara",,2012-05,,
Chipotle - La Cumbre Plaza,"3851 State St, Santa Barbara",< $10,2012-04,,
Sides Hardware and Shoes,"2375 Alamo Pintado, Los Olivos",$10 - $20,2012-04,,
Arlington Tavern,21 W. Victoria St,$20+,2012-04,,
Lucky Llama Coffee,"5100 Carpinteria Ave, Carpinteria",,2012-04,,
Presto Pasta - De la Vina,"2830 De La Vina St, Santa Barbara",,2012-03,,
La Arcada Bistro,"1112 State St, Santa Barbara",$10 - $20,2012-03,,
Panera Bread - Upper State,"3851 State St, Santa Barbara",< $10,2012-03,,
Jersey Mike's Subs - Goleta,"7034 Marketplace Dr, Goleta",< $10,2012-03,,
Nardonnes La Famiglia Pizzeria,"17 W. Ortega St, Santa Barbara",$10 - $20,2012-03,,
Wahoo's Fish Taco - UCSB,At the UCen on the UCSB Campus,< $10,2012-02,,
Cuernavaca Taqueria,"201 W Carrillo St, Santa Barbara",< $10,2012-02,,
Pace,"413 State St, Santa Barbara",,2012-02,,
The Pan,"18 E. Cota St, Santa Barbara",$10 - $20,2012-02,,
Starbucks - Carrillo,"208 W. Carrillo St, Santa Barbara",,2012-02,,
Cielito,"1114 State St, Santa Barbara",$10 - $20,2012-01,,
Cafe Equilibrium,"6549 Pardall Rd, Isla Vista",< $10,2012-01,,
Wurst,"20 E. Cota St, Santa Barbara",< $10,2012-01,,
Recipes Bakery,"604 Santa Barbara St, Santa Barbara",,2012-01,,
Boca De Rio,"318 N. Milpas St, Santa Barbara",< $10,2012-01,,
Petros - Santa Barbara,"1316 State St, Santa Barbara",$20+,2012-01,,
Bistro at the Bacara Resort,"8301 Hollister Ave, Goleta",$20+,2011-12,,
The New Black BBQ,Mobile - see web site for locations,< $10,2011-11,,
Handlebar Coffee - downtown,"128 E. Canon Perdido St, Santa Barbara",,2011-11,,
Mimosa,"714 State St, Santa Barbara",,2011-11,,
Montecito Wine Bistro,"516 San Ysidro Rd, Montecito",$20+,2011-11,,
Backyard Bowls - La Cumbre,"3849 State St, Santa Barbara",< $10,2011-11,,
eBar,"801 State St, Santa Barbara",,2011-11,,
Coffee Bean - Airport Downstairs,"500 Fowler Rd, Santa Barbara",,2011-11,,
India Club,"5701 Calle Real, Goleta",$10 - $20,2011-10,,
South Coast Deli - Isla Vista,"6521 Pardall Rd, Isla Vista",< $10,2011-10,,
Fat Mo's Burgers & Car Wash,"6558 Pardall Rd, Isla Vista",< $10,2011-10,,
Subway - UCSB Ucen,At the UCen on the UCSB Campus,< $10,2011-09,,
Root 217,At the UCen on the UCSB Campus,< $10,2011-09,,
Rudy's - Calle Real,"5764 Calle Real, Goleta",< $10,2011-09,,
Nutbelly Pizzeria & Deli,"915 Linden Ave, Carpinteria",$10 - $20,2011-09,,
Scarlett Begonia,"11 W. Victoria St, Santa Barbara",$10 - $20,2011-09,,
Casa Blanca,"330 State St, Santa Barbara",$10 - $20,2011-08,,
Taqueria El Tapatio,"4835 Carpinteria Ave, Carpinteria",< $10,2011-08,,
Costa Terraza - Airport Upstairs,"500 Fowler Rd, Santa Barbara",,2011-08,,
Coffee Bean - Airport Upstairs,"500 Fowler Rd, Santa Barbara",,2011-08,,
Chocolate Opulence,"819-A State St, Santa Barbara",,2011-08,,
Norton's Pastrami and Deli - Milpas,"226 S. Milpas St, Santa Barbara",,2011-07,,
Sushi Ai,"7020 Camino Real Marketplace, Goleta",$10 - $20,2011-07,,
Sugar & Salt Creamery,Mobile - see web site for locations,,2011-06,,
Italia Pizza & Pasta,"149 N. Fairview Ave, Goleta",$10 - $20,2011-06,,
El Taco Tequila Taqueria,"14 E. Cota St, Santa Barbara",< $10,2011-06,,
Meat n' Potatoes,"4444 Hollister Ave, Goleta",$10 - $20,2011-06,,
Padaro Beach Grill,"3765 Santa Claus Ln, Carpinteria",< $10,2011-06,,
Thai on a Truck,Mobile - see web site for locations,< $10,2011-05,,
Road Dogs,Mobile - see web site for locations,< $10,2011-05,,
Lickety Splits,Mobile - see web site for locations,< $10,2011-05,,
Don Roge,"751 Linden Ave, Carpinteria",< $10,2011-05,,
Adama,"428 Chapala St, Santa Barbara",$10 - $20,2011-05,,
Cafe Stella,"3302 Mc Caw Ave, Santa Barbara",$10 - $20,2011-05,,
Chocolats du CaliBressan - SB,"1114 State St, Santa Barbara",,2011-05,,
Goodland Market and Kitchen,"231 S. Magnolia Ave, Goleta",,2011-04,,
Whodelicious,"811 State St, Santa Barbara",,2011-04,,
Le Crepe Shoppe,"15 W. Gutierrez St, Santa Barbara",,2011-04,,
O Street Truck,Mobile - see web site for locations,< $10,2011-04,,
Green and Tasty,Mobile - see web site for locations,< $10,2011-03,,
Pee Bee & Jay's,"1007 Casitas Pass Rd, Carpinteria",< $10,2011-03,,
Alchemy Spa and Cafe,"430 Chapala St, Santa Barbara",$10 - $20,2011-03,,
Cadiz,"509 State St, Santa Barbara",$20+,2011-03,,
Momma Donna’s,"413 State St, Santa Barbara",,2011-02,,
Culture Shock,Mobile - see web site for locations,< $10,2011-02,,
Crushcakes & Cafe - Carpinteria,"4945 Carpinteria Ave, Carpinteria",< $10,2011-02,,
Tepeyac Taquitos,"201 W Carrillo St, Santa Barbara",< $10,2011-01,,
Nicky D’s Wood-Fired Pizza,"2840 De La Vina St, Santa Barbara",$10 - $20,2011-01,,
Petrini's - Goleta,"5711 Calle Real, Goleta",$10 - $20,2011-01,,
Spudnuts - Goleta,"5718 Hollister Ave, Goleta",< $10,2011-01,,
Killer B BBQ and Bar,"718 State St, Santa Barbara",$10 - $20,2011-01,,
Sunnyside Market & Deli,436 E. Gutierrez St,< $10,2010-12,,
Backyard Bowls - Goleta,"5668 Calle Real, Goleta",< $10,2010-11,,
Cafe Zoma,"7127 Hollister Ave, Goleta",,2010-11,,
Chipotle - Goleta,"270 S. Storke Rd, Goleta",< $10,2010-11,,
Your Cake Baker by Wayne Kjar,"2018 Cliff Dr, Santa Barbara",,2010-11,,
Dirty's,"6521 Pardall Rd, Isla Vista",< $10,2010-11,,
Whodidily,"811 State St, Santa Barbara",,2010-11,,
South Coast Deli - Carrillo St,"10 E. Carrillo St, Santa Barbara",< $10,2010-11,,
TAP Thai Restaurant,"3130 State St, Santa Barbara",$10 - $20,2010-10,,
Kingston’s Candy Company,"3415 State St, Santa Barbara",,2010-10,,
Coffee Collaborative,"6560 Pardall Rd, Isla Vista",,2010-10,,
EpicBowl,"819 State St, Santa Barbara",< $10,2010-10,,
Sweet Tooth,"6549 Pardall Rd, Isla Vista",< $10,2010-10,,
Subway - Five Points,"3967 State St, Santa Barbara",< $10,2010-10,,
Miss Saigon Grill and Lounge,"424 State St, Santa Barbara",$10 - $20,2010-09,,
Mama Lu,"415 N. Milpas St, Santa Barbara",< $10,2010-09,,
Las Palmeras,"432 E. Haley St, Santa Barbara",< $10,2010-09,,
Arch Rock Fish,"608 Anacapa St, Santa Barbara",$20+,2010-09,,
The Blue Owl at Zen Yai,"425 State St, Santa Barbara",< $10,2010-09,,
City Market Tacos to Go,"5292 Carpinteria Ave, Carpinteria",< $10,2010-09,,
Kogilicious,"956 Embarcadero Del Norte, Isla Vista",< $10,2010-08,,
Flaming Grill,"6558 Pardall Rd, Isla Vista",< $10,2010-08,,
Yo a Lot,"7127 Hollister Ave, Goleta",,2010-08,,
Roll a Lot,"7127 Hollister Ave, Goleta",< $10,2010-08,,
Savoy Cafe & Deli,"24 W. Figueroa St, Santa Barbara",< $10,2010-08,,
Mobile Cafe,Mobile - see web site for locations,< $10,2010-08,,
Lam's Vietnamese BBQ and Sandwiches,"424 State St, Santa Barbara",$10 - $20,2010-07,,
TonyRay's Restaurant & Cantina,"731 De la Guerra Plaza, Santa Barbara",$10 - $20,2010-07,,
"Farmers Market - Thursday (Goleta, Camino Real Marketplace)","7000 Camino Real Marketplace, Goleta",,2010-07,,
Olio Pizzeria,"11 W. Victoria St, Santa Barbara",$10 - $20,2010-07,,
Woody's Roundup Bar & Grill at Earl Warren Showgrounds,"3400 Calle Real, Santa Barbara",$10 - $20,2010-07,,
Mac's Fish & Chip Shop,"503 State St, Santa Barbara",< $10,2010-06,,
Bay Roadhouse Bar & Grill,"202 State St, Santa Barbara",$10 - $20,2010-06,,
Cafe Zoma,"918 State St, Santa Barbara",,2010-05,,
Billies,"413 State St, Santa Barbara",< $10,2010-05,,
Kozmo's,"718 State St, Santa Barbara",< $10,2010-04,,
Las Aves Cafe,"2220 Bath St, Santa Barbara",$10 - $20,2010-04,,
Panino - Santa Ynez,"3569 Sagunto St, Santa Ynez",< $10,2010-04,,
On The Side,"6521 Pardall Rd, Isla Vista",< $10,2010-03,,
HobNob Tavern,"21 W. Victoria St, Santa Barbara",$10 - $20,2010-03,,
Saigon - Five Points,"3987 State St, Santa Barbara",< $10,2010-02,,
India House,"418 State St, Santa Barbara",$10 - $20,2010-02,,
Chino's Rock & Tacos,"6530 Pardall Rd, Isla Vista",< $10,2010-01,,
Simply Pies,"5392 Hollister Ave, Goleta",< $10,2010-01,,
Taqueria el Refugio,"730 N. Milpas St, Santa Barbara",< $10,2010-01,,
Nugget - Goleta,"5685 Calle Real, Goleta",$10 - $20,2009-12,,
China Palace,"1070 Coast Village Rd, Montecito",$10 - $20,2009-12,,
Ultimate Bagels,"1226 State St, Santa Barbara",< $10,2009-11,,
Wine Cask,"813 Anacapa St, Santa Barbara",$20+,2009-11,,
Bella Dolce Bakery,"113 W. De la Guerra St, Santa Barbara",,2009-11,,
Whole Foods Market,"3761 State St, Santa Barbara",,2009-10,,
Dogtown,"888 Embarcadero del Norte, Isla Vista",< $10,2009-10,,
Sweet Alley,"7034 Marketplace Dr, Goleta",,2009-10,,
Renaud's Patisserie & Bistro - Downtown,"1324 State St, Santa Barbara",$10 - $20,2009-10,,
Los Tarascos - Goleta,"5915B Calle Real, Goleta",< $10,2009-10,,
Three Pickles - Goleta,"420 S. Fairview Ave, Goleta",< $10,2009-10,,
South Pacific Coffee,"7398 Calle Real, Goleta",,2009-09,,
Jitters Coffee,"728 State St, Santa Barbara",,2009-09,,
California Crisp,"718 State St, Santa Barbara",< $10,2009-09,,
Sushilicious,"956 Embarcadero Del Norte, Isla Vista",< $10,2009-08,,
Pastavino,"6920 Marketplace Dr, Goleta",$10 - $20,2009-08,,
Union Ale Brewing Co.,"214 State St, Santa Barbara",$10 - $20,2009-08,,
Holdren's Grill,"6920 Marketplace Dr, Goleta",$10 - $20,2009-07,,
Pasta House,"6546 Pardall Rd, Isla Vista",< $10,2009-07,,
Saigon - 424 State,"424 State St, Santa Barbara",$10 - $20,2009-07,,
French Press - State St,"1101 State St, Santa Barbara",,2009-07,,
Creekside Grill,"4444 Hollister Ave, Goleta",< $10,2009-07,,
Chino's Rock & Tacos,"714 State St, Santa Barbara",< $10,2009-06,,
YoYumYum - Goleta,"5915A Calle Real, Goleta",,2009-06,,
Yogurtland - Downtown,"621 State St, Santa Barbara",,2009-05,,
Mediterra Cafe & Market,"5575 Hollister Ave, Goleta",< $10,2009-05,,
Petros - Los Olivos,"2860 Grand Ave, Los Olivos",$10 - $20,2009-05,,
Burger Bus,Mobile - see web site for locations,< $10,2009-05,,
Hayloft Grill inside Maverick Saloon,"3687 Sagunto St, Santa Ynez",< $10,2009-05,,
European Deli & Market,"4422 Hollister Ave, Goleta",< $10,2009-04,,
Hummingbird Cafe,"1101 State St, Santa Barbara",< $10,2009-04,,
Root 246,"420 Alisal Rd, Solvang",$20+,2009-04,,
Blush Restaurant and Lounge,"630 State St, Santa Barbara",$20+,2009-04,,
Red Mango - Five Points,"3967 State St, Santa Barbara",,2009-04,,
Enjoy Cupcakes,"2971 Grand Ave, Los Olivos",,2009-04,,
Live Culture,"11 W. De la Guerra St, Santa Barbara",,2009-03,,
Giovanni's - Mesa,"1905 Cliff Dr, Santa Barbara",$10 - $20,2009-03,,
China Express,"414 N. Milpas St, Santa Barbara",< $10,2009-03,,
Hot Spots,"36 State St, Santa Barbara",,2009-03,,
Sweet Alley,"955 Embarcadero del Mar, Isla Vista",,2009-02,,
Barbecue Company,"3807 Santa Claus Ln, Carpinteria",$10 - $20,2009-02,,
Dos Carlitos,"3544 Sagunto St, Santa Ynez",$10 - $20,2009-01,,
La Chiripita Taqueria,"730 N. Milpas St, Santa Barbara",< $10,2009-01,,
Zizzo's Coffee,"370 Storke Rd, Goleta",,2009-01,,
Cantwell's Cafe & Deli,"24 W. Figueroa St, Santa Barbara",,2009-01,,
Caje,"948 Embarcadero del Norte, Isla Vista",,2009-01,,
Carl's Jr - Carpinteria,"4610 Carpinteria Ave, Carpinteria",< $10,2009-01,,
Hotcookie.com,"2018 Cliff Dr, Santa Barbara",,2009-01,,
Pinkberry,"742 State St, Santa Barbara",,2009-01,,
Melting Pot,"608 Anacapa St, Santa Barbara",,2009-01,,
Sushi 7,"1026-A Coast Village Rd, Montecito",$10 - $20,2008-12,,
Grapevine Fine Food Market,"126 E. Canon Perdido St, Santa Barbara",,2008-12,,
Pattaya Bar & Grill,"5918 Hollister Ave, Goleta",$10 - $20,2008-11,,
Silvergreens - Downtown,"791 Chapala St, Santa Barbara",< $10,2008-11,,
Backyard Bowls - Downtown,"331 Motor Way, Santa Barbara",< $10,2008-11,,
Peet's Coffee - 1131 State St,"1131 State St, Santa Barbara",,2008-11,,
Jungle George Grill,"5722 Calle Real, Goleta",< $10,2008-11,,
Jane - Downtown,"1311 State St, Santa Barbara",$10 - $20,2008-11,,
Korean BBQ House,"956 Embarcadero Del Norte, Isla Vista",< $10,2008-11,,
Cafe Int'L - Isla Vista,"6578 Trigo Rd, Isla Vista",< $10,2008-10,,
Jeannine's Bakery - Figueroa,"15 E. Figueroa St, Santa Barbara",,2008-09,,
The Habit - La Cumbre,"3890 La Cumbre Plaza Ln, Santa Barbara",< $10,2008-09,,
Museum Cafe,"1130 State St, Santa Barbara",$10 - $20,2008-09,,
Los Agaves - Milpas,"600 N. Milpas St, Santa Barbara",< $10,2008-09,,
YoYumYum - Carpinteria,"1005 Casitas Pass Rd, Carpinteria",,2008-09,,
Julienne,"138 E. Canon Perdido St, Santa Barbara",$20+,2008-08,,
Sly's,"686 Linden Ave, Carpinteria",$20+,2008-08,,
Boathouse,"2981 Cliff Dr, Santa Barbara",$20+,2008-08,,
Taqueria La Colmena,"217 N. Milpas St, Santa Barbara",< $10,2008-08,,
Esau's Cafe - Downtown,"721 Chapala St, Santa Barbara",$10 - $20,2008-08,,
Kobachi Izakaya Dining,"4141 State St, Santa Barbara",$10 - $20,2008-08,,
Whodidily,"1150 Coast Village Rd, Montecito",,2008-08,,
Fresh Start,"6558 Pardall Rd, Isla Vista",< $10,2008-07,,
Brummis - The German Taste,"3130 State St, Santa Barbara",$10 - $20,2008-07,,
Pita Inn,"3807 Santa Claus Ln, Carpinteria",< $10,2008-07,,
Meun Fan Thai Cafe - Mesa,"1819 Cliff Dr, Santa Barbara",< $10,2008-07,,
Cantwell's Summerland Market,"2580 Lillie Ave, Summerland",< $10,2008-07,,
Saigon - Downtown,"1230A State St, Santa Barbara",$10 - $20,2008-06,,
Saffron,"113 W. De La Guerra St, Santa Barbara",$10 - $20,2008-06,,
Subway - 1021A State,"1021A State St, Santa Barbara",< $10,2008-06,,
Fresco Cafe North,"5940 Calle Real, Goleta",$10 - $20,2008-05,,
Scotch Bonnet,"428 Chapala St, Santa Barbara",$20+,2008-05,,
Spoon,"1222 State St, Santa Barbara",,2008-04,,
Corktree Cellars Wine Bar & Bistro,"910 Linden Ave, Carpinteria",< $10,2008-04,,
Kahuna Grill - Paseo Nuevo,"12 De La Guerra Pl, Santa Barbara",< $10,2008-04,,
Matador,"714 State St, Santa Barbara",$10 - $20,2008-04,,
Encina Cafe & Cocktails,"2220 Bath St, Santa Barbara",$10 - $20,2008-03,,
Einstein Bros Bagels,"7127 Hollister Ave, Goleta",,2008-03,,
Crushcakes & Cafe - Santa Barbara,"1315 Anacapa St, Santa Barbara",< $10,2008-02,,
South Coast Deli - Chapala St,"1436 Chapala St, Santa Barbara",< $10,2008-02,,
The Cheese Shop,"811 State St, Santa Barbara",,2008-02,,
Pavilion Garden,"414 N. Milpas St, Santa Barbara",$10 - $20,2008-02,,
Wahoo's Fish Taco,"511 State St, Santa Barbara",< $10,2008-02,,
Renaud's Patisserie & Bistro - Upper State,"3315 State St, Santa Barbara",< $10,2008-01,,
Coast Restaurant & Bar,"31 W. Carrillo St, Santa Barbara",$10 - $20,2008-01,,
Marmalade Cafe,"3825 State St, Santa Barbara",$10 - $20,2007-12,,
Seagrass,"30 E. Ortega St, Santa Barbara",$20+,2007-12,,
Sesto Senso Ristorante,"1026 Coast Village Rd, Montecito",$10 - $20,2007-12,,
Ruth's Chris Steak House,"3815 State St, Santa Barbara",$20+,2007-11,,
Chocolats du CaliBressan - Carp,"4193 Carpinteria Ave #4, Carpinteria",,2007-11,,
Noodle City,"5869 Hollister Ave, Goleta",< $10,2007-11,,
Stateside Restaurant & Lounge,"1114 State St, Santa Barbara",$10 - $20,2007-10,,
JR's BBQ at Creekside,"4444 Hollister Ave, Goleta",$10 - $20,2007-10,,
Restaurant Marcella,"2860 Grand Ave, Los Olivos",$20+,2007-09,,
Del Valle Grill,"5746 Hollister Ave, Goleta",< $10,2007-09,,
Berrilicious,"956 Embarcadero Del Norte, Isla Vista",< $10,2007-09,,
Petit Valentien,"1114 State St, Santa Barbara",$10 - $20,2007-09,,
Domino's - UCSB UCen,At the UCen on the UCSB Campus,< $10,2007-09,,
McMasters Steak and Hoagie,"910 Embarcadero Del Norte, Isla Vista",< $10,2007-09,,
Park Place Deli,"403 Pueblo St, Santa Barbara",< $10,2007-09,,
Rockin' Yogurt,"620 State St, Santa Barbara",,2007-08,,
Chili Town,"730 N. Milpas St, Santa Barbara",< $10,2007-08,,
Los Tarascos - Downtown,"314 E Haley St, Santa Barbara",,2007-07,,
Lettuce B. Frank,"413 State St, Santa Barbara",< $10,2007-06,,
Fresco Museum Cafe,"1130 State St, Santa Barbara",< $10,2007-05,,
Rincon Sub,"1108 Casitas Pass Rd, Carpinteria",< $10,2007-05,,
Pho Bistro,"903 Embarcadero Del Norte, Isla Vista",< $10,2007-05,,
New York Buffalo Wings,"910 Embarcadero Del Norte, Isla Vista",< $10,2007-05,,
Hollister Brewing Co.,"6980 Marketplace Dr, Goleta",$10 - $20,2007-05,,
Downtown Brewing Co.,"3744 State St, Santa Barbara",< $10,2007-05,,
Jake's Cafe,"2911 De La Vina St, Santa Barbara",< $10,2007-05,,
Bay Cafe,"131 Anacapa St, Santa Barbara",$10 - $20,2007-05,,
Hungry Cat,"1134 Chapala St, Santa Barbara",$10 - $20,2007-04,,
Trattoria Vittoria,"30 E. Victoria St, Santa Barbara",$20+,2007-03,,
Greek House Cafe,"5 W. Haley St, Santa Barbara",< $10,2007-03,,
Plow & Angel,"900 San Ysidro Ln, Montecito",$20+,2007-03,,
Coffee Bean - State & Victoria,"1226 State St, Santa Barbara",,2007-03,,
El Sitio - Isla Vista,"6850 Pardall Rd, Isla Vista",< $10,2007-03,,
Quantum Kitchen & Cocktails,"201 W. Carrillo St, Santa Barbara",$10 - $20,2007-03,,
Bougainvillea,"202 State St, Santa Barbara",$10 - $20,2007-02,,
Panino - Goleta,"5666 Calle Real, Goleta",< $10,2007-02,,
Giannfranco's Trattoria,"666 Linden Ave, Carpinteria",$10 - $20,2007-02,,
Milk & Honey,"30 W. Anapamu St, Santa Barbara",$10 - $20,2006-12,,
Stonehouse Restaurant,"900 San Ysidro Ln, Montecito",$20+,2006-11,,
Eclectic I.V.,"6530 Pardall Rd, Isla Vista",< $10,2006-11,,
The 805 Deli,"135 E. Carrillo St, Santa Barbara",< $10,2006-10,,
Coffee Bean - Carpinteria,"4961 Carpinteria Ave, Carpinteria",,2006-10,,
Isla Vista Spot,"6521 Pardall Rd, Isla Vista",$10 - $20,2006-10,,
Bricks Cafe,"509 State St, Santa Barbara",$10 - $20,2006-09,,
Mad Dogs,"505 State St, Santa Barbara",< $10,2006-09,,
Saigon Express,"6549 Pardall Rd, Isla Vista",< $10,2006-09,,
Couchez,"214 State St, Santa Barbara",$20+,2006-09,,
International Deli & Market,"4422 Hollister Ave, Goleta",< $10,2006-09,,
Jerusalem Garden Cafe,"910 Embarcadero del Norte, Isla Vista",< $10,2006-09,,
All India Cafe,"431 State St, Santa Barbara",$10 - $20,2006-09,,
Timbers,"10 Winchester Canyon Rd, Goleta",< $10,2006-09,,
Romanti-Ezer,"701 Chapala St, Santa Barbara",< $10,2006-09,,
Fresh Wok,"6578 Trigo Rd, Isla Vista",< $10,2006-08,,
Le Bon Cafe,"138 E. Canon Perdido St, Santa Barbara",$10 - $20,2006-08,,
Three Pickles - Downtown,"126 E. Canon Perdido St, Santa Barbara",< $10,2006-08,,
Goleta Sushi House,"5744 Hollister Ave, Goleta",< $10,2006-07,,
Pizza Guru,"3534 State St, Santa Barbara",$10 - $20,2006-07,,
State Street Coffee,"29 State St, Santa Barbara",,2006-07,,
Lilia's,"5746 Hollister Ave, Goleta",< $10,2006-07,,
Fresco at the Beach,"901 E. Cabrillo Blvd, Santa Barbara",$20+,2006-07,,
The Porch,"2621 W. Highway 154, Los Olivos",$10 - $20,2006-07,,
Big Tom's Backyard BBQ,"3687 Sagunto St, Santa Ynez",< $10,2006-07,,
Kona Ranch House,"5685 Calle Real, Goleta",$20+,2006-07,,
Mr. Pickles Sandwich Shop,"6545 Pardall Rd, Isla Visa",< $10,2006-06,,
Java Jones - State & Figueroa,"1101 State St, Santa Barbara",,2006-06,,
El Caballo,"3130 State St, Santa Barbara",< $10,2006-04,,
Naan Stop,"966 Embarcadero del Mar, Isla Vista",< $10,2006-04,,
Cafe Luna,"2354 Lillie Ave, Summerland",< $10,2006-04,,
Cajun Kitchen - Milpas,"217 N. Milpas St, Santa Barbara",< $10,2006-02,,
L & L Hawaiian Barbecue,"7127 Hollister Ave, Goleta",< $10,2006-01,,
Kampai,"4141 State St, Santa Barbara",< $10,2005-11,,
Square One,"14 E. Cota St, Santa Barbara",$10 - $20,2005-11,,
Tiramisu,"12 W. De La Guerra, Santa Barbara",$10 - $20,2005-11,,
Starbucks - State & Victoria,"1235 State St, Santa Barbara",,2005-10,,
Sushiya Express,"955 Embarcadero Del Mar, Isla Vista",< $10,2005-10,,
Cities Barbecue,"901 N. Milpas St, Santa Barbara",$10 - $20,2005-07,,
Denny's - Goleta,"5677 Calle Real, Goleta",< $10,2005-07,,
Sevilla,"428 Chapala St, Santa Barbara",$20+,2005-06,,
Zaffiro,"6920 Camino Real Marketplace, Goleta",$10 - $20,2005-06,,
Dish Cafe,"5722 Calle Real, Goleta",< $10,2005-06,,
Takenoya,"5934 Calle Real, Goleta",$10 - $20,2005-03,,
El Cazador,"731 De la Guerra Plaza, Santa Barbara",$20+,2005-03,,
Tacone,"213 Paseo Nuevo, Santa Barbara",< $10,2005-02,,
Domingo's Cafe,"5782 Hollister Ave, Goleta",< $10,2005-02,,
Sal's Pizza,"900 N. Milpas St, Santa Barbara",< $10,2005-01,,